1,Bitcoin,BTC,None,44575.20,18959368 BTC,22721659050.67,0.83,4.67,1.04
2,Ethereum,ETH,None,3179.88,119595897 ETH,13921257873.27,1.59,8.40,1.83
3,Tether,USDT,None,1.00,78470051334 USDT *,53542330209.28,0.00,0.01,0.00
4,BNB,BNB,None,432.41,165116761 BNB *,2538883559.38,0.51,7.12,5.78
5,USD Coin,USDC,None,0.9996,52533034657 USDC *,3303759191.16,-0.02,0.02,0.04
6,XRP,XRP,None,0.8523,47888392531 XRP *,2249706300.28,2.71,6.25,-2.94
7,Cardano,ADA,None,1.11,33613433076 ADA,1370174980.19,0.77,5.46,-6.03
8,Solana,SOL,None,104.87,319188660 SOL *,2134576043.72,1.95,8.75,-7.68
9,Avalanche,AVAX,None,92.67,245295692 AVAX *,1272958909.08,2.09,12.99,6.98
10,Terra,LUNA,None,56.81,397510665 LUNA *,1116001640.44,1.36,5.49,-0.85
11,Dogecoin,DOGE,None,0.1518,132670764300 DOGE,674961496.04,0.97,3.94,-4.19
12,Polkadot,DOT,None,20.14,987579315 DOT *,891617857.39,1.12,7.64,-7.12
13,Binance USD,BUSD,None,1.00,17819806595 BUSD *,4879125524.89,-0.03,0.18,-0.01
14,Shiba Inu,SHIB,None,0.00003124,549063278876302 SHIB *,1602354887.13,0.90,5.62,0.55
15,Polygon,MATIC,None,1.86,7532274364 MATIC *,1226641280.60,2.06,12.30,-4.40
16,Crypto.com Coin,CRO,None,0.4956,25263013692 CRO *,169259668.21,0.59,5.32,1.68
17,TerraUSD,UST,None,0.9997,11634723902 UST *,406108093.15,-0.13,-0.20,-0.03
18,Wrapped Bitcoin,WBTC,None,44474.17,262413 WBTC *,180344413.80,0.55,4.49,0.88
19,Dai,DAI,None,1.00,10375211966 DAI *,343475775.14,-0.01,0.04,0.05
20,Litecoin,LTC,None,131.76,69647207 LTC,783234535.05,1.26,5.58,-1.66
21,Cosmos,ATOM,None,28.94,286370297 ATOM *,714991210.43,1.24,6.47,-5.06
22,Chainlink,LINK,None,17.32,467009550 LINK *,664037509.78,1.82,8.66,-6.00
23,NEAR Protocol,NEAR,None,11.51,636313745 NEAR *,465743560.63,2.01,9.02,-10.12
24,Uniswap,UNI,None,11.45,632257017 UNI *,187292650.27,1.29,7.77,-4.24
25,TRON,TRX,None,0.06685,101779679434 TRX *,925056523.36,0.49,3.56,-1.91
26,Bitcoin Cash,BCH,None,343.13,18984131 BCH,4570027807.07,0.66,3.56,2.05
27,FTX Token,FTT,None,47.20,138024908 FTT *,123599644.71,0.77,5.19,1.56
28,Algorand,ALGO,None,0.9702,6616085198 ALGO *,193474565.96,0.75,7.77,-5.49
29,Decentraland,MANA,None,3.32,1832134398 MANA *,990721339.96,2.19,16.71,-4.55
30,UNUS SED LEO,LEO,None,5.96,953954130 LEO *,8326394.29,0.21,1.60,-20.56
31,Stellar,XLM,None,0.2211,24914481203 XLM *,288500463.12,1.52,4.75,-8.95
32,Fantom,FTM,None,2.09,2545006273 FTM *,777987560.26,1.14,8.24,-5.49
33,The Sandbox,SAND,None,4.40,1063319452 SAND *,1082408811.95,2.37,9.17,-8.57
34,Bitcoin BEP2,BTCB,None,44521.23,105150 BTCB *,47459823.67,0.84,4.39,0.95
35,Hedera,HBAR,None,0.259,18092792421 HBAR *,192261763.60,0.12,7.08,1.97
36,Internet Computer,ICP,None,21.75,206655408 ICP *,214131288.89,0.48,4.61,-5.71
37,Ethereum Classic,ETC,None,33.47,132994419 ETC,535764587.81,1.08,6.61,4.28
38,Elrond,EGLD,None,194.29,21499478 EGLD *,214051070.27,1.20,3.69,12.30
39,VeChain,VET,None,0.06086,64315576989 VET *,258597922.89,1.51,8.16,-5.54
40,Axie Infinity,AXS,None,63.29,60907500 AXS *,431044433.20,0.63,11.28,-5.33
41,Theta Network,THETA,None,3.85,1000000000 THETA *,378288074.25,1.20,7.72,11.50
42,Tezos,XTZ,None,4.15,878073494 XTZ *,117618959.12,0.97,5.18,-5.68
43,Filecoin,FIL,None,22.34,162035958 FIL,340226901.51,1.17,7.79,-9.16
44,Klaytn,KLAY,None,1.29,2632975805 KLAY *,102832952.36,0.40,4.48,7.16
45,Monero,XMR,None,182.37,18079421 XMR,163290735.14,0.58,3.45,1.94
46,Helium,HNT,None,27.51,110725861 HNT,38446580.89,1.02,6.22,-5.24
47,IOTA,MIOTA,None,0.898,2779530283 MIOTA *,39991537.65,1.12,6.03,-9.43
48,EOS,EOS,None,2.53,980591770 EOS *,256044538.82,0.97,6.49,-4.05
49,Gala,GALA,None,0.3547,6977205436 GALA *,1991310109.36,3.71,19.98,-6.68
50,Flow,FLOW,None,7.44,329356498 FLOW *,136303847.29,1.51,7.61,-0.18
51,Aave,AAVE,None,172.01,13514594 AAVE *,154471866.43,1.98,6.81,-6.71
52,The Graph,GRT,None,0.492,4715735200 GRT *,216839371.54,2.33,21.52,3.69
53,Harmony,ONE,None,0.1957,11707559262 ONE *,168444108.13,1.43,6.07,-7.63
54,PancakeSwap,CAKE,None,8.33,268130679 CAKE *,183355464.20,0.52,3.74,4.11
55,BitTorrent (New),BTT,None,0.000002221,932497500000000 BTT *,46144525.31,0.71,4.93,-2.05
56,Stacks,STX,None,1.59,1298465393 STX *,41975828.94,0.68,8.51,-6.18
57,Maker,MKR,None,2093.73,977631 MKR *,51171004.21,0.62,7.99,-5.32
58,Bitcoin SV,BSV,None,97.47,18980277 BSV,82923662.61,1.14,3.57,-3.61
59,Zcash,ZEC,None,125.97,13753663 ZEC,223683047.73,0.62,4.36,-5.70
60,Enjin Coin,ENJ,None,1.97,854696206 ENJ *,196140786.94,2.35,12.26,-7.04
61,eCash,XEC,None,0.00008801,18980042173313 XEC *,28275182.73,1.51,7.25,-6.79
62,KuCoin Token,KCS,None,20.51,80118638 KCS *,11819057.21,0.71,4.86,1.10
63,Quant,QNT,None,132.51,12072738 QNT *,43935079.85,0.03,9.09,-10.10
64,Neo,NEO,None,22.66,70538831 NEO *,89637388.54,0.59,6.22,-1.58
65,Huobi Token,HT,None,9.97,155918295 HT *,38108411.71,0.23,0.82,-0.67
66,Kusama,KSM,None,176.12,8470098 KSM *,33743514.03,0.93,5.31,-8.47
67,TrueUSD,TUSD,None,0.9996,1487545510 TUSD *,109856062.69,0.02,-0.05,-0.01
68,THORChain,RUNE,None,4.46,330688061 RUNE *,52435931.71,0.64,8.57,-7.28
69,Convex Finance,CVX,None,29.00,50274286 CVX *,18161326.24,1.87,10.73,3.50
70,Kadena,KDA,None,8.48,167816066 KDA,104856503.41,2.31,16.00,-5.41
71,Curve DAO Token,CRV,None,3.17,444678039 CRV *,292173568.84,1.45,9.41,-7.49
72,Chiliz,CHZ,None,0.2212,5975068035 CHZ *,156472484.73,1.06,8.20,-2.08
73,Loopring,LRC,None,0.9844,1329247433 LRC *,201182015.39,0.99,6.54,-8.93
74,Amp,AMP,None,0.03092,42227702186 AMP *,15065330.29,0.70,4.76,-1.63
75,OKB,OKB,None,21.58,60000000 OKB *,49534979.34,0.56,4.64,-8.58
76,Basic Attention Token,BAT,None,0.859,1495585511 BAT *,71443946.48,1.12,6.58,-6.99
77,Celo,CELO,None,3.17,407486151 CELO *,72256699.09,1.26,9.24,-4.26
78,Nexo,NEXO,None,2.20,560000011 NEXO *,6663273.69,1.18,6.41,-0.95
79,Arweave,AR,None,35.02,33394701 AR *,38456149.70,0.92,7.98,-4.68
80,Dash,DASH,None,109.47,10580375 DASH,135155313.12,1.00,5.27,-3.00
81,Theta Fuel,TFUEL,None,0.2132,5301214400 TFUEL *,54185000.93,1.87,7.24,-0.38
82,Oasis Network,ROSE,None,0.3182,3493014306 ROSE *,195655875.10,1.40,8.79,-12.97
83,Waves,WAVES,None,10.40,107502430 WAVES *,200799816.67,0.40,11.41,-1.17
84,Mina,MINA,None,2.77,378573204 MINA *,89240073.83,1.67,3.23,-7.78
85,NEM,XEM,None,0.1141,8999999999 XEM *,27292911.80,1.00,4.58,-2.13
86,Secret,SCRT,None,6.80,149815729 SCRT *,43236370.50,2.05,14.42,6.13
87,Symbol,XYM,None,0.1749,5582460005 XYM *,7147515.89,0.55,0.23,-5.26
88,Decred,DCR,None,69.47,13769457 DCR,8922945.86,1.11,0.31,1.08
89,Pax Dollar,USDP,None,1.00,945642940 USDP *,17926967.63,0.09,0.38,0.33
90,IoTeX,IOTX,None,0.09827,9540779324 IOTX *,67198563.31,1.47,7.25,-9.52
91,BORA,BORA,None,1.08,861250000 BORA *,121586016.24,1.11,8.87,-11.08
92,yearn.finance,YFI,None,24452.78,36638 YFI *,109887036.36,0.61,5.75,-4.27
93,Compound,COMP,None,136.01,6566750 COMP *,55132500.64,0.89,7.80,-7.79
94,Holo,HOT,None,0.005155,173174228547 HOT *,61277399.42,1.16,7.27,-8.74
95,Celsius,CEL,None,3.60,238863520 CEL *,7997126.19,1.99,14.43,17.17
96,Qtum,QTUM,None,7.56,99010936 QTUM *,336574061.67,0.17,15.53,6.91
97,1inch Network,1INCH,None,1.80,415746792 1INCH *,58040959.10,1.17,5.53,-3.54
98,Ravencoin,RVN,None,0.06987,10473290000 RVN,30339737.36,1.15,5.31,-9.16
99,renBTC,RENBTC,None,44697.38,16260 RENBTC *,5551405.07,0.62,5.11,1.46
100,Gnosis,GNO,None,384.51,1865027 GNO *,13641407.65,1.08,9.60,13.10
101,XDC Network,XDC,None,0.05863,12305012699 XDC *,8198391.27,0.56,3.46,-10.31
102,WAX,WAXP,None,0.3603,1951964105 WAXP *,79848118.70,1.22,4.59,-2.83
103,Bancor,BNT,None,2.70,257748064 BNT *,15005287.51,0.75,6.83,-2.01
104,OMG Network,OMG,None,4.95,140245398 OMG *,203628347.05,1.46,7.27,-5.07
105,Render Token,RNDR,None,3.24,213544667 RNDR *,74909919.91,2.99,14.18,-4.57
106,Ankr,ANKR,None,0.08136,8162899378 ANKR *,44280677.45,1.44,8.56,-5.41
107,Audius,AUDIO,None,1.09,608321992 AUDIO *,23973805.17,0.63,9.52,0.23
108,Velas,VLX,None,0.285,2263435335 VLX *,9606312.93,0.29,3.21,-0.70
109,Zilliqa,ZIL,None,0.05131,12403135116 ZIL,38445593.54,1.26,6.61,-7.67
110,Revain,REV,None,0.007303,85061485690 REV *,2436525.56,0.30,-1.43,-4.61
111,Livepeer,LPT,None,28.64,21164655 LPT *,26188170.65,0.88,8.49,-6.84
112,Bitcoin Gold,BTG,None,34.26,17513924 BTG,11281083.83,1.04,5.26,-2.70
113,SwissBorg,CHSB,None,0.5928,1000000000 CHSB *,3331534.15,0.63,2.58,-5.74
114,Rally,RLY,None,0.2418,2456177338 RLY *,3952865.44,0.55,4.30,-3.20
115,APENFT,NFT,None,0.000002122,277080562500000 NFT *,124676609.26,0.72,4.36,-9.69
116,Synthetix,SNX,None,5.07,114841533 SNX *,63061084.90,1.67,10.65,-8.34
117,Immutable X,IMX,None,2.48,235284001 IMX *,70081792.83,1.48,8.03,-10.95
118,ICON,ICX,None,0.7902,724760792 ICX *,20026166.14,1.12,6.51,-8.86
119,SushiSwap,SUSHI,None,4.42,127244443 SUSHI *,120268225.88,1.61,8.58,-5.10
120,Dogelon Mars,ELON,None,0.000001006,553824589330904 ELON *,16703971.92,1.12,7.51,-6.26
121,Siacoin,SC,None,0.01106,50171812992 SC,13345242.29,1.64,7.01,-5.87
122,Voyager Token,VGX,None,1.98,278482214 VGX *,10612769.51,1.58,5.52,-3.60
123,Anchor Protocol,ANC,None,2.17,253900450 ANC *,48804908.84,-0.25,1.44,34.00
124,0x,ZRX,None,0.6416,847496055 ZRX *,47602604.43,1.05,7.87,-6.20
125,WOO Network,WOO,None,0.6054,903236309 WOO *,34667322.48,2.71,6.59,-21.17
126,GateToken,GT,None,6.92,78226861 GT *,4136261.88,0.80,3.74,1.63
127,Syscoin,SYS,None,0.8555,633445149 SYS,29850295.14,0.21,5.60,0.18
128,SKALE Network,SKL,None,0.162,3216225835 SKL *,41788761.82,1.72,3.41,21.38
129,Kava,KAVA,None,3.49,153104092 KAVA *,83958965.87,1.02,6.04,-8.18
130,Horizen,ZEN,None,43.10,12070238 ZEN,36945438.20,1.28,4.34,-9.18
131,Ontology,ONT,None,0.5892,875249524 ONT *,63775112.00,1.61,9.23,-1.18
132,Spell Token,SPELL,None,0.006129,82395795684 SPELL *,61932421.92,1.77,8.55,-15.53
133,dYdX,DYDX,None,7.57,65569295 DYDX *,167166933.89,1.12,1.46,-0.21
134,IOST,IOST,None,0.02764,18099719631 IOST *,39392760.04,1.06,6.53,-6.48
135,Telcoin,TEL,None,0.008154,59093582611 TEL *,8159494.56,0.51,7.86,1.69
136,Perpetual Protocol,PERP,None,6.45,74475000 PERP *,17351604.02,0.92,2.98,-2.75
137,Storj,STORJ,None,1.22,383877608 STORJ *,21419132.42,1.08,8.18,-8.84
138,SuperFarm,SUPER,None,1.11,404410904 SUPER *,140604591.59,1.14,19.32,2.99
139,Nervos Network,CKB,None,0.01504,29784987337 CKB,12054731.34,1.79,10.00,-8.40
140,Hive,HIVE,None,1.13,396948064 HIVE *,10559199.01,1.62,8.04,-4.40
141,Neutrino USD,USDN,None,0.9911,447092010 USDN *,5226785.32,0.14,-0.19,0.84
142,Illuvium,ILV,None,683.51,642892 ILV *,28806449.05,0.76,8.91,-2.11
143,Moonbeam,GLMR,None,5.17,84692309 GLMR *,52031794.44,0.75,10.97,-11.41
144,Frax Share,FXS,None,26.47,16209405 FXS *,20902531.94,0.61,10.17,23.87
145,Fei USD,FEI,None,1.00,424996178 FEI *,14565898.91,0.31,0.75,0.58
146,UMA,UMA,None,6.38,65314044 UMA *,16309893.98,0.20,6.32,-1.97
147,Polymath,POLY,None,0.4532,898550830 POLY *,8583488.74,1.26,6.52,-7.01
148,Keep Network,KEEP,None,0.6242,633507798 KEEP *,63654347.42,1.39,4.92,7.36
149,Flux,FLUX,None,1.75,226643780 FLUX,35671991.52,2.30,7.96,-7.25
150,Kyber Network Crystal v2,KNC,None,2.17,177809350 KNC *,137701395.02,1.17,13.26,13.40
151,PAX Gold,PAXG,None,1858.88,208197 PAXG *,40247873.00,-0.03,-1.25,1.54
152,Golem,GLM,None,0.3859,1000000000 GLM *,6437907.90,0.76,6.01,-2.13
153,NuCypher,NU,None,0.5445,703000000 NU *,46288886.08,0.82,5.54,-0.34
154,Ren,REN,None,0.3789,997564051 REN *,31170483.21,0.90,7.40,0.34
155,Ultra,UOS,None,1.33,282752124 UOS *,10150073.53,4.18,27.95,4.30
156,JUST,JST,None,0.05184,7300425000 JST *,182825816.05,1.21,5.85,-9.08
157,DigiByte,DGB,None,0.02488,15097897709 DGB,24077853.46,0.92,5.98,-5.86
158,Ethereum Name Service,ENS,None,18.41,20244862 ENS *,68488394.05,0.97,7.91,-8.56
159,Ocean Protocol,OCEAN,None,0.606,613099141 OCEAN *,24777394.41,0.65,6.51,-2.82
160,ConstitutionDAO,PEOPLE,None,0.07276,5060137335 PEOPLE *,203471934.40,1.83,5.59,-9.43
161,Celer Network,CELR,None,0.05365,6521854190 CELR *,65158207.18,0.71,10.90,-3.82
162,Vulcan Forged PYR,PYR,None,14.50,23897700 PYR *,69582085.45,1.45,13.49,-0.65
163,Casper,CSPR,None,0.0918,3745502126 CSPR *,9601774.73,-0.15,9.75,-0.43
164,PlayDapp,PLA,None,1.12,302211852 PLA *,27618825.41,1.56,9.47,-7.23
165,Coin98,C98,None,1.84,185000000 C98 *,62686158.37,0.26,12.38,3.43
166,DigitalBits,XDB,None,0.383,874608082 XDB *,1253678.08,-0.31,2.72,-6.37
167,Serum,SRM,None,2.45,133231781 SRM *,62826706.51,1.09,8.06,-4.17
168,Chromia,CHR,None,0.5721,567369439 CHR *,70822955.76,2.82,9.13,-11.71
169,Braintrust,BTRST,None,3.64,87931851 BTRST *,2853087.95,0.56,-0.40,-1.41
170,WINkLink,WIN,None,0.0003339,961737300000 WIN *,146796296.99,0.73,5.55,-6.07
171,Raydium,RAY,None,3.83,83442831 RAY *,27426916.01,1.03,7.49,-4.07
172,CEEK VR,CEEK,None,0.4239,744176729 CEEK *,22862224.87,0.52,6.35,19.28
173,Tribe,TRIBE,None,0.6961,453448622 TRIBE *,6575011.75,-0.62,1.80,-2.48
174,Nano,XNO,None,2.33,133248297 XNO *,22328786.09,0.91,9.07,-1.43
175,Moonriver,MOVR,None,98.48,3151510 MOVR *,107299201.44,0.48,18.01,-3.03
176,Dent,DENT,None,0.00311,99007791203 DENT *,66691205.95,1.32,9.67,-5.96
177,Yield Guild Games,YGG,None,3.59,85328013 YGG *,85014628.49,-0.87,16.29,-3.32
178,Injective,INJ,None,6.24,48653971 INJ *,80737800.96,0.12,3.37,29.41
179,COTI,COTI,None,0.2864,1048141495 COTI *,36123156.36,1.31,4.73,-6.58
180,OpenDAO,SOS,None,0.000002982,100000000000000 SOS *,35300255.72,1.74,9.84,-11.48
181,WazirX,WRX,None,0.9014,325056864 WRX *,21531367.68,0.81,3.57,-7.51
182,Swipe,SXP,None,1.49,193968789 SXP *,64441069.31,0.67,7.76,-1.15
183,Powerledger,POWR,None,0.5958,464886097 POWR *,41079137.35,1.03,5.52,-0.29
184,XYO,XYO,None,0.02216,12844821266 XYO *,4896307.36,1.01,4.39,-0.70
185,MyNeighborAlice,ALICE,None,8.74,30600000 ALICE *,314189040.80,0.92,17.91,-5.20
186,Fetch.ai,FET,None,0.3599,746113681 FET *,21762897.17,0.73,4.56,-7.46
187,Gemini Dollar,GUSD,None,0.9987,261777039 GUSD *,4614824.91,0.02,0.29,-0.03
188,Request,REQ,None,0.261,999876008 REQ *,11154698.67,-0.02,3.55,-8.87
189,Function X,FX,None,0.6296,408520357 FX *,2755200.15,0.70,4.77,0.50
190,Persistence,XPRT,None,3.21,79854980 XPRT *,2863355.09,1.38,8.47,1.31
191,Reserve Rights,RSR,None,0.01929,13159997677 RSR *,27651228.10,1.65,7.64,-4.51
192,Aragon,ANT,None,6.38,39609523 ANT *,59606596.10,1.22,9.45,-15.82
193,Cartesi,CTSI,None,0.4876,518875628 CTSI *,26575837.02,1.16,8.85,-8.01
194,Rari Governance Token,RGT,None,20.82,12138480 RGT *,2953137.57,1.38,6.76,-1.73
195,Chia,XCH,None,80.11,3139021 XCH *,7590786.04,0.51,1.11,-7.59
196,MOBOX,MBOX,None,3.12,79853076 MBOX *,76829605.34,0.64,8.22,0.75
197,MediBloc,MED,None,0.04583,5382401140 MED *,10017294.16,0.91,4.36,-0.73
198,Boba Network,BOBA,None,1.52,158303171 BOBA *,2869215.17,0.59,3.52,-11.67
199,Lisk,LSK,None,1.87,128900445 LSK *,4804547.05,1.58,6.47,0.18
200,OriginTrail,TRAC,None,0.6609,364020531 TRAC *,2016709.86,0.59,5.44,-12.14
201,HEX,HEX,None,0.201,173411074413 HEX *,16534374.19,0.36,1.35,-2.85
202,Lido stETH,STETH,None,3180.05,1876304 STETH *,729708.46,1.63,8.53,2.08
203,Toncoin,TONCOIN,None,2.72,1221401181 TONCOIN *,3356990.21,0.36,1.40,-2.17
204,Frax,FRAX,None,0.9995,2653242158 FRAX *,29138935.81,-0.04,-0.28,0.10
205,Osmosis,OSMO,None,8.99,282464369 OSMO *,68493645.19,0.82,8.56,1.02
206,Wrapped BNB,WBNB,None,431.90,5298389 WBNB *,1246240133.74,0.78,7.47,5.52
207,BitTorrent,BTTOLD,None,0.002193,990000000000 BTTOLD *,212275.24,1.62,-1.15,-7.14
208,Huobi BTC,HBTC,None,44508.82,39884 HBTC *,1382011.70,0.54,4.38,0.98
209,Chainbing,CBG,None,40.32,33000000 CBG *,12412896.82,0.18,9.17,1,333.41
210,yOUcash,YOUC,None,0.1592,7816584542 YOUC *,197238.17,-3.47,-1.79,0.02
211,DeFiChain,DFI,None,3.63,300511840 DFI *,3734492.35,1.22,5.70,9.20
212,ECOMI,OMI,None,0.006503,166285821196 OMI *,3640514.26,-0.96,3.41,-8.27
213,Counos X,CCXX,None,57.22,17884613 CCXX,11096.89,0.00,-0.60,-1.80
214,BitDAO,BIT,None,1.69,586278943 BIT *,80595472.23,0.96,7.54,6.46
215,Sperax,SPA,None,0.1879,4994120871 SPA *,4381824.75,2.16,1.64,8.50
216,LINK,LN,None,147.85,5975799 LN *,983535.27,0.82,7.65,0.45
217,SafeMoon,SAFEMOON,None,0.000001265,585536366402812 SAFEMOON *,176754.88,0.41,-5.23,33.29
218,Venus BNB,vBNB,None,9.31,84327095 vBNB *,None,0.51,7.12,5.79
219,The Transfer Token,TTT,None,7.31,104829512 TTT *,664508.58,1.29,0.22,-2.45
220,WEMIX,WEMIX,None,5.88,123233682 WEMIX *,104363014.57,0.86,8.40,-13.52
221,Liquity USD,LUSD,None,1.00,719446095 LUSD *,27971714.10,0.06,-0.39,-0.15
222,NXM,NXM,None,106.75,6609714 NXM *,1310.14,1.59,8.40,1.96
223,KOK,KOK,None,5.62,107333422 KOK *,14232237.38,-0.16,2.03,1.94
224,Metahero,HERO,None,0.08615,5095643290 HERO *,52380360.03,1.98,10.72,67.91
240,LUKSO,LYXe,None,16.88,15205916 LYXe *,3459648.79,1.12,11.67,-5.34
241,Aurora,AURORA,None,11.30,22393406 AURORA *,7983103.58,0.38,5.94,-14.76
242,Origin Dollar,OUSD,None,0.9954,242539721 OUSD *,612498.23,0.17,0.10,-0.03
243,MXC,MXC,None,0.09051,2642132373 MXC *,15022249.76,0.16,5.11,2.04
244,Ontology Gas,ONG,None,0.8366,273116220 ONG *,177177128.76,-0.41,-4.92,18.21
245,JOE,JOE,None,1.33,169639756 JOE *,13436070.11,2.66,12.59,-0.71
246,Constellation,DAG,None,0.1787,1266911931 DAG *,1684111.22,-0.32,7.76,-1.38
247,MaidSafeCoin,MAID,None,0.501,452552412 MAID *,4331.59,0.72,1.24,3.98
248,Reef,REEF,None,0.01232,18280715935 REEF *,50577469.59,0.97,5.59,0.34
249,Alchemy Pay,ACH,None,0.0544,4036879335 ACH *,76472426.02,2.15,18.06,11.11
250,Mdex,MDX,None,0.2576,849579728 MDX *,7361752.56,0.53,5.57,0.86
251,Starlink,STARL,None,0.00002201,9979172029858 STARL *,11881803.54,0.72,10.35,-16.44
252,Dvision Network,DVI,None,0.7163,305296290 DVI *,2007954.97,1.39,7.31,-7.63
253,Ardor,ARDR,None,0.2195,998999495 ARDR *,7846371.84,0.86,6.03,-1.54
254,Divi,DIVI,None,0.07938,2740977717 DIVI,199774.34,1.01,0.43,2.68
255,Pundi X (New),PUNDIX,None,0.8353,258491637 PUNDIX *,25569163.02,0.86,4.08,-2.88
256,Orbs,ORBS,None,0.07458,2876767039 ORBS *,2574682.87,0.90,5.61,-4.79
257,MVL,MVL,None,0.009462,22716577769 MVL *,1483223.42,-0.01,4.92,-6.35
258,Status,SNT,None,0.06049,3470483788 SNT *,8110078.56,1.43,5.69,-7.81
259,Civic,CVC,None,0.3141,670000000 CVC *,17094454.30,0.71,8.91,0.23
260,Victoria VR,VR,None,0.2962,710201039 VR *,7674889.42,0.12,12.80,-16.12
261,Biconomy,BICO,None,1.93,106930110 BICO *,27417601.01,1.03,6.26,-14.28
262,Phantasma,SOUL,None,1.97,104185056 SOUL *,5997709.04,1.80,14.10,-13.19
263,Bifrost (BFC),BFC,None,0.1827,1102584258 BFC *,4918246.97,1.46,4.58,-18.99
264,Trust Wallet Token,TWT,None,0.5818,346951186 TWT *,9607752.50,1.53,5.94,-7.26
265,aelf,ELF,None,0.3655,544480200 ELF *,12614496.92,0.84,6.03,-5.50
266,RMRK,RMRK,None,20.87,9500000 RMRK *,7712624.71,1.54,15.53,2.51
267,Tether Gold,XAUT,None,1854.27,105549 XAUT *,5064429.44,0.08,-0.79,2.28
253,Ardor,ARDR,None,0.2195,998999495 ARDR *,7846371.84,0.86,6.03,-1.54
254,Divi,DIVI,None,0.07938,2740977717 DIVI,199774.34,1.01,0.43,2.68
255,Pundi X (New),PUNDIX,None,0.8353,258491637 PUNDIX *,25569163.02,0.86,4.08,-2.88
256,Orbs,ORBS,None,0.07458,2876767039 ORBS *,2574682.87,0.90,5.61,-4.79
257,MVL,MVL,None,0.009462,22716577769 MVL *,1483223.42,-0.01,4.92,-6.35
258,Status,SNT,None,0.06049,3470483788 SNT *,8110078.56,1.43,5.69,-7.81
259,Civic,CVC,None,0.3141,670000000 CVC *,17094454.30,0.71,8.91,0.23
260,Victoria VR,VR,None,0.2962,710201039 VR *,7674889.42,0.12,12.80,-16.12
261,Biconomy,BICO,None,1.93,106930110 BICO *,27417601.01,1.03,6.26,-14.28
262,Phantasma,SOUL,None,1.97,104185056 SOUL *,5997709.04,1.80,14.10,-13.19
263,Bifrost (BFC),BFC,None,0.1827,1102584258 BFC *,4918246.97,1.46,4.58,-18.99
264,Trust Wallet Token,TWT,None,0.5818,346951186 TWT *,9607752.50,1.53,5.94,-7.26
265,aelf,ELF,None,0.3655,544480200 ELF *,12614496.92,0.84,6.03,-5.50
266,RMRK,RMRK,None,20.87,9500000 RMRK *,7712624.71,1.54,15.53,2.51
267,Tether Gold,XAUT,None,1854.27,105549 XAUT *,5064429.44,0.08,-0.79,2.28
283,Humanscape,HUM,None,0.2615,711409623 HUM *,5292582.77,0.32,5.44,-4.85
284,Alpha Finance Lab,ALPHA,None,0.4126,446330126 ALPHA *,18766482.37,0.96,7.40,-5.28
285,Energy Web Token,EWT,None,6.09,30062138 EWT *,2036215.13,1.15,1.30,-8.61
286,Mango,MNGO,None,0.1836,1000000000 MNGO *,857955.10,0.26,2.89,10.24
287,Mask Network,MASK,None,6.27,29130723 MASK *,33955681.05,1.45,11.22,-8.20
288,Bitcoin Diamond,BCD,None,0.9757,186492898 BCD,1056499.28,0.38,4.72,-10.37
289,Sun (New),SUN,None,0.01732,10514908025 SUN *,110650889.68,0.51,4.18,2.49
290,inSure DeFi,SURE,None,0.006767,26790063175 SURE *,1453606.34,1.04,5.69,4.81
291,Dusk Network,DUSK,None,0.4658,389489794 DUSK *,49846679.90,0.81,5.96,-14.63
292,Beta Finance,BETA,None,0.6086,297500000 BETA *,133251270.31,-0.44,7.72,19.40
293,NKN,NKN,None,0.2538,700000000 NKN,7551745.28,1.27,9.29,-7.04
294,Akash Network,AKT,None,1.55,113861304 AKT *,2194918.92,1.10,8.14,-6.53
295,Prometeus,PROM,None,10.55,16450000 PROM *,3664556.38,1.33,4.96,0.31
296,Propy,PRO,None,2.34,73851416 PRO *,1434355.38,-0.94,4.58,5.27
297,Hathor,HTR,None,0.7626,226765816 HTR *,6249456.08,1.40,11.33,-12.28
298,Numeraire,NMR,None,29.28,5888504 NMR *,15751343.20,0.27,2.58,8.04
299,API3,API3,None,4.64,36907810 API3 *,33086238.55,0.94,6.81,20.60
300,iExec RLC,RLC,None,2.15,80070793 RLC *,11329473.83,1.06,10.54,-2.52
301,ASD,ASD,None,0.2546,660615274 ASD *,2248198.55,0.18,1.33,-3.08
302,Veritaseum,VERI,None,78.46,2149646 VERI *,101334.72,1.19,6.49,6.39
303,Wilder World,WILD,None,2.00,83683300 WILD *,5696425.95,2.24,20.16,-2.36
304,Orion Protocol,ORN,None,4.05,41150000 ORN *,9211986.37,0.87,2.80,-2.49
305,Keep3rV1,KP3R,None,828.24,200001 KP3R *,51845824.32,1.08,7.49,-5.34
306,Hxro,HXRO,None,0.3992,408689866 HXRO *,229706.86,-0.07,0.50,-5.50
307,GlitzKoin,GTN,None,0.6686,247499428 GTN *,389853.28,-0.81,-16.14,-31.53
308,Band Protocol,BAND,None,4.63,35191821 BAND *,69548568.32,-0.21,10.06,16.58
309,Augur,REP,None,14.94,11000000 REP *,11391960.45,1.22,5.50,-1.69
310,JasmyCoin,JASMY,None,0.03446,4754930780 JASMY *,183640476.71,3.11,15.75,-13.94
296,Propy,PRO,None,2.34,73851416 PRO *,1434355.38,-0.94,4.58,5.27
297,Hathor,HTR,None,0.7626,226765816 HTR *,6249456.08,1.40,11.33,-12.28
298,Numeraire,NMR,None,29.28,5888504 NMR *,15751343.20,0.27,2.58,8.04
299,API3,API3,None,4.64,36907810 API3 *,33086238.55,0.94,6.81,20.60
300,iExec RLC,RLC,None,2.15,80070793 RLC *,11329473.83,1.06,10.54,-2.52
301,ASD,ASD,None,0.2546,660615274 ASD *,2248198.55,0.18,1.33,-3.08
302,Veritaseum,VERI,None,78.46,2149646 VERI *,101334.72,1.19,6.49,6.39
303,Wilder World,WILD,None,2.00,83683300 WILD *,5696425.95,2.24,20.16,-2.36
304,Orion Protocol,ORN,None,4.05,41150000 ORN *,9211986.37,0.87,2.80,-2.49
305,Keep3rV1,KP3R,None,828.24,200001 KP3R *,51845824.32,1.08,7.49,-5.34
306,Hxro,HXRO,None,0.3992,408689866 HXRO *,229706.86,-0.07,0.50,-5.50
307,GlitzKoin,GTN,None,0.6686,247499428 GTN *,389853.28,-0.81,-16.14,-31.53
308,Band Protocol,BAND,None,4.63,35191821 BAND *,69548568.32,-0.21,10.06,16.58
309,Augur,REP,None,14.94,11000000 REP *,11391960.45,1.22,5.50,-1.69
310,JasmyCoin,JASMY,None,0.03446,4754930780 JASMY *,183640476.71,3.11,15.75,-13.94
325,Radicle,RAD,None,5.66,25911127 RAD *,7053021.73,0.71,5.08,-7.48
326,DEAPcoin,DEP,None,0.03521,4132212013 DEP *,4692006.79,0.61,2.89,-12.93
327,Unibright,UBT,None,0.9763,149999999 UBT *,1413944.02,1.40,1.65,-2.04
328,Badger DAO,BADGER,None,11.68,12516446 BADGER *,8065170.49,1.75,7.52,-1.79
329,Dawn Protocol,DAWN,None,2.01,72498404 DAWN *,3340182.26,0.65,5.36,-6.67
330,BakeryToken,BAKE,None,0.7495,193529486 BAKE *,32699035.02,0.93,10.42,3.06
331,Dero,DERO,None,12.95,11190609 DERO,612601.37,-0.70,8.30,7.59
332,Ellipsis,EPS,None,0.2402,599223670 EPS *,84933860.27,0.72,-1.27,29.50
333,CRYPTO20,C20,None,3.56,39984538 C20 *,13404.09,1.49,6.34,-3.37
334,CENNZnet,CENNZ,None,0.1176,1200000000 CENNZ *,1068957.90,1.33,4.90,-16.17
335,ssv.network,SSV,None,14.07,10000000 SSV *,2963504.19,1.27,19.01,18.35
336,Steem,STEEM,None,0.3528,394951699 STEEM *,8498328.99,1.12,5.12,-3.17
337,Ark,ARK,None,1.05,135129583 ARK *,3606280.13,2.05,5.70,0.73
338,Verasity,VRA,None,0.03133,4470185346 VRA *,123078362.89,1.09,16.35,-2.29
339,Metadium,META,None,0.08288,1687369624 META *,5263075.24,0.31,4.54,-3.77
340,DeversiFi,DVF,None,5.73,24147148 DVF *,353279.81,0.42,2.49,0.84
341,RSK Infrastructure Framework,RIF,None,0.1666,829300006 RIF *,1382225.42,0.17,2.19,1.76
342,Mines of Dalarnia,DAR,None,1.09,123200000 DAR *,61622580.08,1.03,8.39,1.63
343,Merit Circle,MC,None,3.05,42592000 MC *,19286360.57,2.10,12.28,3.86
344,e-Radix,EXRD,None,0.1814,734834633 EXRD *,1301635.53,0.72,4.40,-10.56
345,Chrono.tech,TIME,None,185.62,710112 TIME *,1941069.17,0.22,16.26,-7.11
346,Wrapped NCG (Nine Chronicles Gold),WNCG,None,1.11,119794315 WNCG *,6648322.30,1.59,0.61,5.96
347,Rakon,RKN,None,0.5385,242857143 RKN *,745548.93,1.22,7.99,1.24
348,Venus ETH,vETH,None,64.25,2033994 vETH *,None,1.59,8.40,1.84
349,STASIS EURO,EURS,None,1.14,114125940 EURS *,7127778.97,-0.06,0.39,-0.75
350,Aavegotchi,GHST,None,2.07,62649067 GHST *,30131244.00,0.17,1.64,-0.52
351,Electroneum,ETN,None,0.007207,17913259995 ETN,169282.46,0.54,4.30,-9.19
352,GXChain,GXC,None,1.71,75000000 GXC *,35174892.03,1.07,9.53,-2.23
339,Metadium,META,None,0.08288,1687369624 META *,5263075.24,0.31,4.54,-3.77
340,DeversiFi,DVF,None,5.73,24147148 DVF *,353279.81,0.42,2.49,0.84
341,RSK Infrastructure Framework,RIF,None,0.1666,829300006 RIF *,1382225.42,0.17,2.19,1.76
342,Mines of Dalarnia,DAR,None,1.09,123200000 DAR *,61622580.08,1.03,8.39,1.63
343,Merit Circle,MC,None,3.05,42592000 MC *,19286360.57,2.10,12.28,3.86
344,e-Radix,EXRD,None,0.1814,734834633 EXRD *,1301635.53,0.72,4.40,-10.56
345,Chrono.tech,TIME,None,185.62,710112 TIME *,1941069.17,0.22,16.26,-7.11
346,Wrapped NCG (Nine Chronicles Gold),WNCG,None,1.11,119794315 WNCG *,6648322.30,1.59,0.61,5.96
347,Rakon,RKN,None,0.5385,242857143 RKN *,745548.93,1.22,7.99,1.24
348,Venus ETH,vETH,None,64.25,2033994 vETH *,None,1.59,8.40,1.84
349,STASIS EURO,EURS,None,1.14,114125940 EURS *,7127778.97,-0.06,0.39,-0.75
350,Aavegotchi,GHST,None,2.07,62649067 GHST *,30131244.00,0.17,1.64,-0.52
351,Electroneum,ETN,None,0.007207,17913259995 ETN,169282.46,0.54,4.30,-9.19
352,GXChain,GXC,None,1.71,75000000 GXC *,35174892.03,1.07,9.53,-2.23
368,Ribbon Finance,RBN,None,2.29,51264156 RBN *,6723616.15,2.65,13.48,33.25
369,Crabada,CRA,None,1.63,69975146 CRA *,11802781.76,1.91,15.79,-2.49
370,ARPA Chain,ARPA,None,0.09284,1242888889 ARPA *,58666060.98,0.62,6.87,7.01
371,ABBC Coin,ABBC,None,0.1189,968505226 ABBC *,37893071.71,0.09,-0.08,-1.27
372,Strike,STRK,None,36.84,3112859 STRK *,11082839.31,1.25,4.57,-2.14
373,Ergo,ERG,None,3.56,32012428 ERG,2326066.79,-0.28,10.03,-3.56
374,X World Games,XWG,None,0.09442,1199999997 XWG *,1917450.59,-0.11,-0.72,25.18
375,TomoChain,TOMO,None,1.27,89732875 TOMO *,9479080.29,1.64,13.04,-6.28
376,QuarkChain,QKC,None,0.01746,6399906497 QKC *,1867294.34,1.41,5.87,-2.54
377,Clover Finance,CLV,None,0.4333,260975397 CLV *,34207366.87,0.89,4.94,10.02
378,Acala Token,ACA,None,1.63,69304481 ACA *,14538783.13,1.39,10.95,-9.19
379,Gitcoin,GTC,None,7.92,14198202 GTC *,24235094.22,1.80,10.56,-8.27
380,Bonfida,FIDA,None,2.46,44729964 FIDA *,16830359.02,0.45,5.10,12.63
381,Balancer,BAL,None,15.77,6943831 BAL *,34014170.93,1.35,12.40,6.72
382,Circuits of Value,COVAL,None,0.06099,1786770479 COVAL *,1573490.68,1.05,5.15,-1.10
383,Enzyme,MLN,None,60.79,1792693 MLN *,6606374.84,1.07,8.58,-2.33
384,Handshake,HNS,None,0.2324,466290737 HNS *,522766.89,0.51,3.39,3.69
385,Deeper Network,DPR,None,0.104,1036755621 DPR *,1911518.08,-1.97,4.43,-0.85
386,RSK Smart Bitcoin,RBTC,None,44471.52,2427 RBTC,35606.16,0.94,4.79,0.92
387,Covalent,CQT,None,0.4157,254842989 CQT *,1729606.76,0.69,5.42,-7.75
388,Ampleforth,AMPL,None,1.04,101670052 AMPL *,2561860.42,1.57,10.11,-3.06
389,DeFi Pulse Index,DPI,None,189.44,558983 DPI *,464111.07,1.29,7.77,-7.71
390,Biswap,BSW,None,0.5491,191187923 BSW *,8817955.90,-0.13,5.92,-12.82
391,Hoo Token,HOO,None,1.27,82430424 HOO *,10607447.18,0.03,8.79,10.66
392,cVault.finance,CORE,None,10416.27,10000 CORE *,155774.87,0.89,7.97,1.30
393,Presearch,PRE,None,0.2619,396578435 PRE *,1733826.67,3.12,8.11,-1.49
394,Star Atlas,ATLAS,None,0.04774,2160000000 ATLAS *,7468150.67,0.72,6.00,-12.23
395,MimbleWimbleCoin,MWC,None,9.51,10818158 MWC *,234167.84,0.96,5.13,24.73
381,Balancer,BAL,None,15.77,6943831 BAL *,34014170.93,1.35,12.40,6.72
382,Circuits of Value,COVAL,None,0.06099,1786770479 COVAL *,1573490.68,1.05,5.15,-1.10
383,Enzyme,MLN,None,60.79,1792693 MLN *,6606374.84,1.07,8.58,-2.33
384,Handshake,HNS,None,0.2324,466290737 HNS *,522766.89,0.51,3.39,3.69
385,Deeper Network,DPR,None,0.104,1036755621 DPR *,1911518.08,-1.97,4.43,-0.85
386,RSK Smart Bitcoin,RBTC,None,44471.52,2427 RBTC,35606.16,0.94,4.79,0.92
387,Covalent,CQT,None,0.4157,254842989 CQT *,1729606.76,0.69,5.42,-7.75
388,Ampleforth,AMPL,None,1.04,101670052 AMPL *,2561860.42,1.57,10.11,-3.06
389,DeFi Pulse Index,DPI,None,189.44,558983 DPI *,464111.07,1.29,7.77,-7.71
390,Biswap,BSW,None,0.5491,191187923 BSW *,8817955.90,-0.13,5.92,-12.82
391,Hoo Token,HOO,None,1.27,82430424 HOO *,10607447.18,0.03,8.79,10.66
392,cVault.finance,CORE,None,10416.27,10000 CORE *,155774.87,0.89,7.97,1.30
393,Presearch,PRE,None,0.2619,396578435 PRE *,1733826.67,3.12,8.11,-1.49
394,Star Atlas,ATLAS,None,0.04774,2160000000 ATLAS *,7468150.67,0.72,6.00,-12.23
395,MimbleWimbleCoin,MWC,None,9.51,10818158 MWC *,234167.84,0.96,5.13,24.73
397,Centrifuge,CFG,None,0.5731,178724316 CFG *,361961.73,0.11,13.81,-1.34
398,Vectorspace AI,VXV,None,2.57,39586711 VXV *,1336830.91,3.99,2.39,-11.58
399,Venus USDC,vUSDC,None,0.02133,4771015133 vUSDC *,None,-0.02,0.03,0.09
400,Mirror Protocol,MIR,None,1.31,77742680 MIR *,26889744.21,-1.57,11.49,-2.86
400,Mirror Protocol,MIR,None,1.31,77742680 MIR *,26889744.21,-1.57,11.49,-2.86
595,Hacken Token,HAI,None,0.09224,474371758 HAI *,2133647.12,0.41,6.30,-5.11
596,CoinEx Token,CET,None,0.06153,708633582 CET *,733742.86,0.40,5.04,1.79
597,Glitch,GLCH,None,0.55,79282952 GLCH *,1654786.31,0.34,7.65,-5.36
598,YIELD App,YLD,None,0.2954,145796553 YLD *,731638.80,-0.15,6.53,-4.22
599,MANTRA DAO,OM,None,0.1009,426763575 OM *,10255365.12,0.77,6.92,-7.24
600,Neutrino Token,NSBT,None,16.90,2518843 NSBT *,121857.58,-2.65,19.09,-1.16
595,Hacken Token,HAI,None,0.09224,474371758 HAI *,2133647.12,0.41,6.30,-5.11
596,CoinEx Token,CET,None,0.06153,708633582 CET *,733742.86,0.40,5.04,1.79
597,Glitch,GLCH,None,0.55,79282952 GLCH *,1654786.31,0.34,7.65,-5.36
598,YIELD App,YLD,None,0.2954,145796553 YLD *,731638.80,-0.15,6.53,-4.22
599,MANTRA DAO,OM,None,0.1009,426763575 OM *,10255365.12,0.77,6.92,-7.24
600,Neutrino Token,NSBT,None,16.90,2518843 NSBT *,121857.58,-2.65,19.09,-1.16
413,HyperDAO,HDAO,None,0.02708,3400000000 HDAO *,806592.98,-0.24,2.65,3.66
414,Celo Dollar,CUSD,None,0.9968,91723629 CUSD *,804209.65,-0.13,0.15,0.44
415,KILT Protocol,KILT,None,1.84,49420140 KILT *,1040231.23,0.85,7.55,-21.87
416,Loom Network,LOOM,None,0.09077,1000000000 LOOM *,11005056.58,1.39,6.02,9.06
417,DFI.Money,YFII,None,2345.04,38596 YFII *,11263451.26,1.62,7.28,-4.36
418,CertiK,CTK,None,1.32,68285242 CTK *,15919653.04,0.29,5.22,-6.86
595,Hacken Token,HAI,None,0.09224,474371758 HAI *,2133647.12,0.41,6.30,-5.11
596,CoinEx Token,CET,None,0.06153,708633582 CET *,733742.86,0.40,5.04,1.79
597,Glitch,GLCH,None,0.55,79282952 GLCH *,1654786.31,0.34,7.65,-5.36
598,YIELD App,YLD,None,0.2954,145796553 YLD *,731638.80,-0.15,6.53,-4.22
599,MANTRA DAO,OM,None,0.1009,426763575 OM *,10255365.12,0.77,6.92,-7.24
600,Neutrino Token,NSBT,None,16.90,2518843 NSBT *,121857.58,-2.65,19.09,-1.16
425,VVS Finance,VVS,None,0.00003861,2290100781801 VVS *,10279308.37,0.16,2.72,-2.32
426,bZx Protocol,BZRX,None,0.2166,402137988 BZRX *,1213636.42,-10.86,0.40,0.21
427,MovieBloc,MBL,None,0.006523,13527667870 MBL *,4380902.24,0.66,5.42,-6.03
428,Swarm,BZZ,None,1.75,50176617 BZZ *,1800910.07,0.82,2.55,-11.16
429,RichQUACK.com,QUACK,None,0.000000001978,44085961274152300 QUACK *,1812760.67,1.00,6.94,10.98
430,Linear,LINA,None,0.02659,3262390042 LINA *,23035436.70,0.93,8.58,-5.21
431,Hydra,HYDRA,None,10.14,8606762 HYDRA *,496901.43,0.70,4.14,8.23
432,Voxies,VOXEL,None,1.49,57449187 VOXEL *,14615455.71,0.94,6.38,-15.05
433,Kin,KIN,None,0.00004937,1717204746230 KIN *,2628161.68,-0.22,5.64,0.18
434,Somnium Space Cubes,CUBE,None,6.78,12500000 CUBE *,432672.22,0.76,6.70,-12.61
435,Klever,KLV,None,0.02473,3397615776 KLV *,852059.95,-0.38,5.19,-5.48
436,XeniosCoin,XNC,None,1.10,76274958 XNC *,9419.17,-0.87,-17.95,-21.12
437,Adventure Gold,AGLD,None,1.20,70170001 AGLD *,20380476.65,1.68,7.71,1.17
438,HUNT,HUNT,None,0.7611,110357399 HUNT *,15907076.88,0.55,6.23,-2.35
439,GuildFi,GF,None,1.99,42185072 GF *,3681810.01,-0.18,0.63,15.69
440,Travala.com,AVA,None,1.65,50570887 AVA *,14686809.29,0.53,2.76,28.58
441,ankrETH,aEth,None,2828.86,29330 aEth *,353484.91,1.53,5.50,-0.92
442,Zelwin,ZLW,None,1.15,72331834 ZLW *,333766.85,2.55,11.71,10.88
443,Flamingo,FLM,None,0.2651,312284062 FLM *,10357282.99,1.08,8.95,-3.57
444,ZB Token,ZB,None,0.1776,463288810 ZB *,814056.50,0.86,-1.46,-9.47
445,TrustSwap,SWAP,None,0.8353,97555165 SWAP *,755529.77,-0.23,2.08,-9.93
446,Bloomzed Loyalty Club Ticket,BLCT,None,2.14,38000000 BLCT *,22334.89,-0.02,-2.11,-21.19
447,Efinity Token,EFI,None,0.4789,169857481 EFI *,9082966.33,0.91,11.74,-4.66
448,Ethernity Chain,ERN,None,6.25,13051557 ERN *,50205359.58,2.18,8.31,5.56
449,Chimpion,BNANA,None,2.45,31727387 BNANA *,215080.81,0.40,4.27,-4.10
595,Hacken Token,HAI,None,0.09224,474371758 HAI *,2133647.12,0.41,6.30,-5.11
596,CoinEx Token,CET,None,0.06153,708633582 CET *,733742.86,0.40,5.04,1.79
597,Glitch,GLCH,None,0.55,79282952 GLCH *,1654786.31,0.34,7.65,-5.36
598,YIELD App,YLD,None,0.2954,145796553 YLD *,731638.80,-0.15,6.53,-4.22
599,MANTRA DAO,OM,None,0.1009,426763575 OM *,10255365.12,0.77,6.92,-7.24
600,Neutrino Token,NSBT,None,16.90,2518843 NSBT *,121857.58,-2.65,19.09,-1.16
456,AllianceBlock,ALBT,None,0.3397,232955783 ALBT *,1294992.57,0.19,3.11,-9.75
457,LCX,LCX,None,0.1041,751859231 LCX *,1094680.02,-1.39,6.02,-16.14
458,Rai Reflex Index,RAI,None,3.08,25285717 RAI *,2627365.84,0.70,2.13,1.26
459,AIOZ Network,AIOZ,None,0.1956,396963540 AIOZ *,740229.30,0.68,5.56,-9.63
460,Aergo,AERGO,None,0.216,361662199 AERGO *,7024166.80,1.01,5.69,-3.82
461,BitShares,BTS,None,0.02583,2994640000 BTS *,5282359.91,1.02,8.85,-6.24
462,Ampleforth Governance Token,FORTH,None,7.34,10529822 FORTH *,27801666.90,0.62,5.98,2.08
463,Velo,VELO,None,0.08146,947050097 VELO *,2195452.37,1.37,10.38,6.97
464,Syntropy,NOIA,None,0.1452,523258263 NOIA *,388751.96,0.87,5.03,-6.90
465,Cratos,CRTS,None,0.004198,18191189321 CRTS *,13093846.55,-0.07,1.18,-19.76
466,Bluzelle,BLZ,None,0.2302,325037488 BLZ *,35537427.09,-0.45,8.61,30.06
467,Adshares,ADS,None,3.32,22679969 ADS *,3964818.61,1.05,11.42,60.06
468,ICHI,ICHI,None,17.88,4203699 ICHI *,262260.24,1.29,6.58,4.89
469,Solanium,SLIM,None,1.25,60000000 SLIM *,1764445.99,0.06,7.18,2.75
470,Thunder Token,TT,None,0.008676,8614400793 TT *,4342967.55,1.00,6.10,-5.06
471,Carry,CRE,None,0.008422,8785037464 CRE *,11270738.27,2.86,6.45,3.82
472,Elitium,EUM,None,2.63,27898118 EUM *,555937.77,0.23,2.76,-1.37
473,Harvest Finance,FARM,None,108.22,669763 FARM *,17973889.63,0.05,2.33,-7.07
474,DeFine,DFA,None,1.29,56181518 DFA *,1784364.96,-0.35,-2.17,-0.90
475,MiL.k,MLK,None,0.9273,78160812 MLK *,6337796.04,1.36,6.79,-12.24
476,LTO Network,LTO,None,0.24,301331724 LTO *,12774267.44,0.68,2.26,-3.46
477,QuickSwap,QUICK,None,218.12,327100 QUICK *,14507162.03,1.09,8.81,7.67
478,PolySwarm,NCT,None,0.04616,1546457130 NCT *,1614954.22,0.78,5.57,0.00
479,Tranchess,CHESS,None,1.13,62695055 CHESS *,32809781.38,0.74,4.68,-2.14
480,Hifi Finance,MFT,None,0.007015,10000000000 MFT *,17329265.28,0.97,5.10,-5.87
481,FLETA,FLETA,None,0.04483,1562645034 FLETA *,4640942.27,1.45,11.88,7.54
595,Hacken Token,HAI,None,0.09224,474371758 HAI *,2133647.12,0.41,6.30,-5.11
596,CoinEx Token,CET,None,0.06153,708633582 CET *,733742.86,0.40,5.04,1.79
597,Glitch,GLCH,None,0.55,79282952 GLCH *,1654786.31,0.34,7.65,-5.36
598,YIELD App,YLD,None,0.2954,145796553 YLD *,731638.80,-0.15,6.53,-4.22
599,MANTRA DAO,OM,None,0.1009,426763575 OM *,10255365.12,0.77,6.92,-7.24
600,Neutrino Token,NSBT,None,16.90,2518843 NSBT *,121857.58,-2.65,19.09,-1.16
488,ONUS,ONUS,None,0.6934,99408990 ONUS *,1160196.37,0.19,0.35,-2.67
489,BioPassport Token,BIOT,None,0.03982,1755103460 BIOT *,24701121.18,0.09,36.52,23.35
490,DerivaDAO,DDX,None,2.58,26094664 DDX *,266133.70,0.86,4.14,-4.15
491,TitanSwap,TITAN,None,1.29,53404160 TITAN *,74146.76,0.73,1.05,3.41
492,Vega Protocol,VEGA,None,5.96,11521463 VEGA *,2139927.43,1.16,3.69,-23.31
493,Streamr,DATA,None,0.08943,767121867 DATA *,12064144.61,0.91,4.97,1.69
494,DAD,DAD,None,0.1546,440833228 DAD *,464910.17,-0.59,1.62,-4.39
495,Highstreet,HIGH,None,5.64,12302500 HIGH *,14035288.28,6.31,9.16,-1.68
496,SuperRare,RARE,None,0.6671,101756228 RARE *,27623630.44,0.29,6.14,2.25
497,Splintershards,SPS,None,0.1494,454958238 SPS *,1913733.75,0.93,6.43,16.30
498,Hyperion,HYN,None,0.3324,203783085 HYN *,4.37,-0.07,-20.04,-46.88
499,Cyclub,CYCLUB,None,0.05145,1314294423 CYCLUB *,14093143.52,-1.19,11.99,-10.37
500,Kava Lend,HARD,None,0.6138,107708334 HARD *,10774496.93,0.57,4.87,-3.01
501,Haven Protocol,XHV,None,2.47,26612732 XHV *,785286.27,-0.29,15.86,-3.79
502,Ambire AdEx,ADX,None,0.4618,143945543 ADX *,12046979.19,0.41,4.42,-3.46
503,Qcash,QC,None,0.144,460000200 QC *,84434847.54,0.28,0.40,-0.66
504,TROY,TROY,None,0.007343,8905660523 TROY *,5661186.71,0.40,3.35,-5.96
505,BarnBridge,BOND,None,10.43,6102272 BOND *,11176371.86,0.23,3.62,-2.15
506,Cocos-BCX,COCOS,None,1.49,42015868 COCOS *,22178362.12,0.55,7.71,-4.85
507,BinaryX,BNX,None,30.88,2022898 BNX *,31158461.99,-0.41,4.44,20.44
508,Grid+,GRID,None,1.58,39236491 GRID *,1223.29,0.13,5.83,-2.65
509,Zenon,ZNN,None,9.74,6330750 ZNN,360704.31,0.78,-6.90,-18.29
510,Kleros,PNK,None,0.09858,621329482 PNK *,2590604.34,0.48,6.23,-3.76
511,TokenPocket,TPT,None,0.01753,3466457400 TPT *,477210.67,0.82,1.95,-6.99
512,Cobak Token,CBK,None,2.50,24341789 CBK *,4336874.79,1.03,5.70,-4.01
595,Hacken Token,HAI,None,0.09224,474371758 HAI *,2133647.12,0.41,6.30,-5.11
596,CoinEx Token,CET,None,0.06153,708633582 CET *,733742.86,0.40,5.04,1.79
597,Glitch,GLCH,None,0.55,79282952 GLCH *,1654786.31,0.34,7.65,-5.36
598,YIELD App,YLD,None,0.2954,145796553 YLD *,731638.80,-0.15,6.53,-4.22
599,MANTRA DAO,OM,None,0.1009,426763575 OM *,10255365.12,0.77,6.92,-7.24
600,Neutrino Token,NSBT,None,16.90,2518843 NSBT *,121857.58,-2.65,19.09,-1.16
519,Wrapped NXM,WNXM,None,34.83,1676964 WNXM *,2355093.69,1.50,8.34,-7.93
520,NewYork Exchange,NYE,None,8.22,7090060 NYE *,1459203.30,4.95,13.94,4.26
521,Darma Cash,DMCH,None,0.2681,216674434 DMCH *,54415.76,0.00,0.01,-6.34
522,FIO Protocol,FIO,None,0.1225,474888869 FIO *,48299000.72,0.44,23.46,2.84
523,Cortex,CTXC,None,0.3038,190734698 CTXC,8964057.29,0.57,4.88,-14.19
524,Venus BUSD,vBUSD,None,0.02139,2694770470 vBUSD *,None,-0.03,0.18,0.03
525,MixMarvel,MIX,None,0.01222,4699943108 MIX *,1506884.61,0.62,5.57,-7.57
526,Maro,MARO,None,0.08068,711697216 MARO *,287263.60,1.96,5.84,-2.73
527,AXEL,AXEL,None,0.2023,283102718 AXEL *,225535.42,0.87,-4.55,-7.42
528,BSCPAD,BSCPAD,None,0.7041,79211621 BSCPAD *,4139981.36,0.12,0.51,-13.37
529,Position Exchange,POSI,None,1.96,29102498 POSI *,41067204.77,0.05,2.75,3.36
530,XMON,XMON,None,38025.35,1495 XMON *,6276309.66,1.03,11.48,-18.23
531,Shyft Network,SHFT,None,0.387,146298745 SHFT *,365131.22,0.41,3.35,3.58
532,Alpaca Finance,ALPACA,None,0.4003,141603872 ALPACA *,9212813.20,0.52,1.65,0.22
533,Kava Swap,SWP,None,1.67,33854166 SWP *,1314719.33,0.03,0.64,-2.95
534,Rarible,RARI,None,9.26,6067312 RARI *,2070846.91,1.52,7.92,-6.46
535,Morpheus.Network,MNW,None,1.20,47180014 MNW *,736561.69,1.18,8.51,-26.42
536,Gas,GAS,None,5.55,10128375 GAS *,24199650.88,0.78,4.12,0.25
537,Freeway Token,FWT,None,0.0103,5455459241 FWT *,197919.53,0.74,3.70,-10.27
538,Strong,STRONG,None,404.33,138269 STRONG *,12730069.55,1.20,4.32,-15.60
539,Star Atlas DAO,POLIS,None,2.58,21600000 POLIS *,2441584.59,1.10,3.30,-9.93
540,League of Kingdoms Arena,LOKA,None,2.21,25100000 LOKA *,46823852.97,1.63,8.97,-1.22
541,Akropolis,AKRO,None,0.01489,3726515813 AKRO *,4860557.72,1.29,10.29,-3.87
542,Vai,VAI,None,0.9184,60341770 VAI *,100567.49,0.37,0.60,-0.91
543,Ooki Protocol,OOKI,None,0.01798,3080410007 OOKI *,40577989.29,0.29,8.12,-1.85
544,BitMart Token,BMX,None,0.317,173717945 BMX *,4786850.49,0.38,-2.11,-3.25
595,Hacken Token,HAI,None,0.09224,474371758 HAI *,2133647.12,0.41,6.30,-5.11
596,CoinEx Token,CET,None,0.06153,708633582 CET *,733742.86,0.40,5.04,1.79
597,Glitch,GLCH,None,0.55,79282952 GLCH *,1654786.31,0.34,7.65,-5.36
598,YIELD App,YLD,None,0.2954,145796553 YLD *,731638.80,-0.15,6.53,-4.22
599,MANTRA DAO,OM,None,0.1009,426763575 OM *,10255365.12,0.77,6.92,-7.24
600,Neutrino Token,NSBT,None,16.90,2518843 NSBT *,121857.58,-2.65,19.09,-1.16
551,Paris Saint-Germain Fan Token,PSG,None,17.39,3111142 PSG *,30786783.96,-0.47,-3.32,0.48
552,Mariande Staked SOL,MSOL,None,108.28,498000 MSOL *,18209202.04,1.90,8.89,-7.51
553,SIX,SIX,None,0.2002,273776596 SIX *,8493451.46,0.26,1.46,-5.51
554,RAMP,RAMP,None,0.1253,426115804 RAMP *,22333610.42,0.93,12.40,1.70
555,Aion,AION,None,0.1055,501505081 AION,6102631.01,0.35,5.40,-4.43
556,Energi,NRG,None,1.05,50053699 NRG,201773.51,-0.48,2.80,-9.41
557,district0x,DNT,None,0.08721,600000000 DNT *,3878210.58,0.79,5.36,-5.62
558,Steem Dollars,SBD,None,4.75,10569870 SBD *,5295597.94,0.62,3.60,-1.64
559,Groestlcoin,GRS,None,0.6555,79445104 GRS,8970167.60,0.88,6.04,-0.17
560,Refereum,RFR,None,0.01036,4999180100 RFR *,1845698.87,0.82,4.26,-8.14
561,Metronome,MET,None,3.78,13689116 MET *,67568.65,2.38,8.16,2.31
562,CoinLoan,CLT,None,26.57,1950000 CLT *,218583.24,-0.19,10.19,-3.41
563,SHPING,SHPING,None,0.0291,1735966941 SHPING *,3978624.92,0.64,13.35,0.71
564,Quantstamp,QSP,None,0.07118,713801947 QSP *,11198475.00,-0.70,-2.51,9.51
565,NFTX,NFTX,None,124.32,408556 NFTX *,427997.34,1.20,9.20,-11.91
566,Tokenlon Network Token,LON,None,1.13,44559365 LON *,2830552.95,0.61,1.30,5.75
567,1eco,1ECO,None,2.62,18941003 1ECO *,1198530.51,-0.06,-1.24,-0.48
568,Sentinel,DVPN,None,0.007293,6777517799 DVPN *,1607819.93,0.37,8.02,-11.33
569,ApeSwap Finance,BANANA,None,0.5122,96270516 BANANA *,1244783.22,0.44,7.08,-4.60
570,HOPR,HOPR,None,0.3276,149013129 HOPR *,1916105.95,0.68,11.45,-3.88
571,Fusion,FSN,None,0.6885,70888719 FSN *,1566064.30,1.12,6.11,-2.06
572,Shiden Network,SDN,None,0.9647,50280185 SDN *,1435161.73,-0.13,5.01,-9.05
573,NULS,NULS,None,0.4811,99620739 NULS,22496213.23,0.49,5.20,-15.45
574,Bella Protocol,BEL,None,1.00,48000000 BEL *,14001547.06,1.17,10.81,-3.81
575,GameFi,GAFI,None,48.06,998099 GAFI *,5518779.80,-0.34,1.94,-28.32
595,Hacken Token,HAI,None,0.09224,474371758 HAI *,2133647.12,0.41,6.30,-5.11
596,CoinEx Token,CET,None,0.06153,708633582 CET *,733742.86,0.40,5.04,1.79
597,Glitch,GLCH,None,0.55,79282952 GLCH *,1654786.31,0.34,7.65,-5.36
598,YIELD App,YLD,None,0.2954,145796553 YLD *,731638.80,-0.15,6.53,-4.22
599,MANTRA DAO,OM,None,0.1009,426763575 OM *,10255365.12,0.77,6.92,-7.24
600,Neutrino Token,NSBT,None,16.90,2518843 NSBT *,121857.58,-2.65,19.09,-1.16
582,Offshift,XFT,None,9.65,4855000 XFT *,3702701.30,1.70,14.00,-11.84
583,Gods Unchained,GODS,None,1.98,23660714 GODS *,8753929.36,4.63,8.42,-11.79
584,Measurable Data Token,MDT,None,0.06773,676157013 MDT *,7367352.99,0.88,3.83,-0.42
585,Revolution Populi,RVP,None,0.03746,1200000003 RVP *,93241.67,1.51,15.68,3.52
586,VideoCoin,VID,None,0.2769,161142314 VID *,159953.25,0.65,4.51,-3.07
587,Bytom,BTM,None,0.02728,1638402744 BTM,2535944.11,0.94,3.84,-8.73
588,Retreeb,TREEB,None,0.2874,154000000 TREEB *,4541507.22,-5.13,11.61,95.10
589,Venus XVS,vXVS,None,0.1985,224433925 vXVS *,None,1.35,3.15,1.23
590,Waltonchain,WTC,None,0.5622,78753637 WTC *,2150061.77,1.10,6.17,-6.44
591,ScPrime,SCP,None,1.08,40846811 SCP,40201.78,-0.39,-0.21,-16.09
592,DeFi Land,DFL,None,0.07487,586335000 DFL *,576566.04,0.18,3.83,19.09
593,Selfkey,KEY,None,0.008623,5089969446 KEY *,24829814.09,0.32,2.78,2.93
594,Lido DAO Token,LDO,None,1.78,24539273 LDO *,6666529.99,1.24,16.54,-14.80
595,Hacken Token,HAI,None,0.09224,474371758 HAI *,2133647.12,0.41,6.30,-5.11
596,CoinEx Token,CET,None,0.06153,708633582 CET *,733742.86,0.40,5.04,1.79
597,Glitch,GLCH,None,0.55,79282952 GLCH *,1654786.31,0.34,7.65,-5.36
598,YIELD App,YLD,None,0.2954,145796553 YLD *,731638.80,-0.15,6.53,-4.22
599,MANTRA DAO,OM,None,0.1009,426763575 OM *,10255365.12,0.77,6.92,-7.24
600,Neutrino Token,NSBT,None,16.90,2518843 NSBT *,121857.58,-2.65,19.09,-1.16
601,Wirex Token,WXT,None,0.004242,10000000000 WXT *,396178.80,0.48,8.84,-4.27
602,Liquity,LQTY,None,2.60,16321973 LQTY *,1039466.37,-0.30,-0.48,-14.67
603,BabySwap,BABY,None,0.263,160330380 BABY *,1632778.94,-2.24,7.69,-22.98
604,LATOKEN,LA,None,0.1183,380105462 LA *,118635.29,0.12,12.09,8.85
605,dForce,DF,None,0.1069,390385530 DF *,2679092.45,0.69,3.29,-4.63
606,Impossible Finance Launchpad,IDIA,None,0.9277,45000000 IDIA *,934129.10,0.30,4.24,16.66
607,SUKU,SUKU,None,0.3474,119149903 SUKU *,5100723.48,1.38,5.25,-9.18
608,PowerPool,CVP,None,1.12,37044297 CVP *,2922261.22,1.82,6.35,-3.78
609,TABOO TOKEN,TABOO,None,0.004578,9782678080 TABOO *,1542366.13,-0.99,0.99,-16.79
610,mStable USD,MUSD,None,1.01,41085970 MUSD *,242707.19,0.28,0.23,0.57
611,ReapChain,REAP,None,0.1926,214000000 REAP *,2203803.01,-0.26,-3.61,-2.44
612,Beam,BEAM,None,0.3805,107886040 BEAM,4675549.27,1.37,4.79,-2.50
613,RAI Finance,SOFI,None,0.2315,176388825 SOFI *,1484506.63,0.09,4.25,-7.40
614,CONUN,CON,None,0.01384,2897405859 CON *,7152352.49,-1.95,10.66,-0.48
615,BOSAGORA,BOA,None,0.1342,303595031 BOA *,650661.47,1.60,3.24,-5.52
616,Hoge Finance,HOGE,None,0.000101,402276464812 HOGE *,103507.30,0.89,2.80,-17.53
617,MultiVAC,MTV,None,0.01153,3587369426 MTV *,6656681.52,2.10,15.86,12.16
618,Aurox,URUS,None,77.79,521929 URUS *,173023.20,-0.29,11.19,5.53
619,VerusCoin,VRSC,None,0.6046,66849973 VRSC,6046.56,0.84,2.54,-3.42
620,Cellframe,CELL,None,1.38,28776847 CELL *,1304164.76,-0.37,9.35,3.78
621,Bitrue Coin,BTR,None,0.3055,131421228 BTR *,9735957.57,1.92,9.72,-9.09
622,Frontier,FRONT,None,0.5011,79387500 FRONT *,10524797.12,0.94,7.18,-4.42
623,Mithril,MITH,None,0.03983,1000000000 MITH *,8105430.14,-0.03,2.64,-7.48
624,Throne,THN,None,0.1012,390202313 THN *,2164928.44,-0.74,-0.03,-36.52
625,AnimalGo,GOM2,None,0.04071,966864393 GOM2 *,1535747.53,-0.44,0.65,4.88
626,ERC20,ERC20,None,0.0347,1128632512 ERC20 *,2156.93,0.78,3.82,0.08
627,Mirrored iShares Gold Trust,mIAU,None,34.80,1123878 mIAU *,480691.20,-0.13,-1.60,1.03
628,SOLVE,SOLVE,None,0.08932,435324963 SOLVE *,591174.19,0.92,4.25,-2.19
629,Manchester City Fan Token,CITY,None,11.15,3508140 CITY *,9561151.00,0.29,-2.55,6.60
630,Polkadex,PDEX,None,6.48,5980965 PDEX *,576659.91,0.32,-0.40,-17.57
631,Karura,KAR,None,1.73,22282782 KAR *,1600207.01,1.08,1.26,-12.40
632,Newscrypto,NWC,None,0.2544,150400834 NWC *,9080939.69,0.02,6.09,-0.19
633,FirmaChain,FCT,FCT2,None,0.1145,336216862 FCTFCT2 *,2762803.89,1.48,5.43,-8.05
634,BASIC,BASIC,None,0.005599,6907615997 BASIC *,426370.95,2.40,3.32,-5.12
635,Mirrored ProShares VIX,mVIXY,None,17.13,2204232 mVIXY *,456590.84,-0.03,-9.20,6.31
636,Zigcoin,ZIG,None,0.08837,421534212 ZIG *,5426021.01,4.35,19.57,28.13
637,Aragon Court,ANJ,None,0.2892,128645461 ANJ *,126579.47,0.95,5.98,1.82
638,MAPS,MAPS,None,0.8719,42559672 MAPS *,2902903.59,2.14,21.91,13.54
639,SpiritSwap,SPIRIT,None,0.1197,307601683 SPIRIT *,1129993.24,1.11,11.01,-16.97
640,AMO Coin,AMO,None,0.001902,19174109628 AMO *,193534.41,1.20,5.44,-7.86
641,Civilization,CIV,None,0.1234,300000000 CIV *,61666.15,0.63,3.17,-12.99
642,Peony,PNY,None,0.2953,123738087 PNY,148910.79,1.36,5.87,13.30
643,Fuse Network,FUSE,None,0.6577,55045523 FUSE *,1724032.06,0.72,3.66,-17.61
644,StackOs,STACK,None,0.1003,357534426 STACK *,1845348.60,0.97,5.43,-21.80
645,SORA,XOR,None,87.19,411302 XOR *,2009734.67,0.93,3.75,-7.24
646,MileVerse,MVC,None,0.02009,1775221629 MVC *,9124812.85,0.38,-1.82,-9.89
647,Invictus Hyperion Fund,IHF,None,0.2962,117602908 IHF *,11311.66,0.00,8.43,4.59
648,v.systems,VSYS,None,0.01402,2488249469 VSYS *,916330.52,0.69,2.08,5.56
649,Dock,DOCK,None,0.04677,745418701 DOCK *,3142288.29,0.93,4.60,-3.93
650,Aeternity,AE,None,0.0992,350870981 AE,1602190.06,0.22,1.77,-4.30
651,LGCY Network,LGCY,None,0.002727,12713925827 LGCY *,152341.86,0.50,9.55,-7.68
652,Pangolin,PNG,None,0.4044,85065998 PNG *,2361950.22,1.42,8.68,-7.99
653,EPIK Prime,EPIK,None,0.1467,234382715 EPIK *,819327.99,0.50,6.16,-21.39
654,Bytecoin,BCN,None,0.0001861,184066828814 BCN,31925.26,0.51,1.08,-5.18
655,Burger Swap,BURGER,None,1.88,18132831 BURGER *,6821919.36,0.74,4.50,-0.33
656,ZIMBOCASH,ZASH,None,0.02145,1590616010 ZASH *,14901.45,-0.63,1.10,-10.08
657,CargoX,CXO,None,0.1631,207558157 CXO *,33598.34,0.34,1.33,-2.85
658,BTSE,BTSE,None,7.72,4354711 BTSE *,942399.17,0.22,-0.04,0.47
659,Bounce Finance Governance Token,AUCTION,None,16.13,2083956 AUCTION *,2691570.97,1.66,5.31,-0.26
660,Quiztok,QTCON,None,0.008737,3847677628 QTCON *,1505128.77,0.56,5.65,2.84
661,Ultiledger,ULT,None,0.01181,2836429509 ULT *,28847.53,-1.53,2.78,3.78
662,Tornado Cash,TORN,None,30.47,1099795 TORN *,40135690.71,1.62,20.28,18.27
663,Marlin,POND,None,0.04533,736908424 POND *,14879864.66,1.19,7.53,-7.57
664,pNetwork,PNT,None,0.7251,45650679 PNT *,11751085.31,0.49,10.75,2.77
665,Super Zero Protocol,SERO,None,0.09544,344723317 SERO *,396099.55,-0.21,2.59,-4.76
666,TerraKRW,KRT,None,0.0008505,38639867153 KRT *,122215.68,0.20,0.64,3.35
667,AhaToken,AHT,None,0.01011,3275701868 AHT *,1899266.79,1.68,6.19,-8.33
668,ApolloX,APX,None,0.07119,460726356 APX *,3899858.37,-0.22,6.37,1.93
669,NEST Protocol,NEST,None,0.01628,2005474261 NEST *,2880193.20,0.79,-3.43,20.22
670,New BitShares,NBS,None,0.01255,2607670560 NBS *,1989516.61,0.82,5.57,-2.86
671,Hegic,HEGIC,None,0.04644,703727349 HEGIC *,3304776.85,1.01,6.08,-1.17
672,Kryll,KRL,None,0.848,38134598 KRL *,423390.74,0.77,3.16,-4.19
673,ForTube,FOR,None,0.05063,639520000 FOR *,7215591.97,0.77,6.93,-1.51
674,Opulous,OPUL,None,0.7788,41608582 OPUL *,2904437.92,0.08,10.55,-0.65
675,Namecoin,NMC,None,2.18,14736400 NMC,12369.86,2.49,8.91,13.50
676,Venus USDT,vUSDT,None,0.02158,1486153169 vUSDT *,None,0.00,0.01,0.04
677,Unisocks,SOCKS,None,105595.68,302 SOCKS *,31.23,1.51,8.94,-6.22
678,S.S. Lazio Fan Token,LAZIO,None,3.71,8600000 LAZIO *,10108936.59,0.46,4.33,5.21
679,SIDUS HEROES,SIDUS,None,0.05819,545980317 SIDUS *,2333956.05,1.71,3.76,-17.91
680,Hot Cross,HOTCROSS,None,0.2798,113749999 HOTCROSS *,7900460.46,1.48,3.02,-3.13
681,Hermez Network,HEZ,None,6.70,4700000 HEZ *,351804.69,0.47,1.19,-5.50
682,EFFORCE,WOZX,None,0.203,156246347 WOZX *,517803.30,0.20,-1.71,-3.01
683,BTU Protocol,BTU,None,0.3496,90514216 BTU *,14788.63,0.49,0.01,-1.45
684,Reflexer Ungovernance Token,FLX,None,181.17,174692 FLX *,1540352.97,1.71,12.95,-2.40
685,PolkaFoundry,PKF,None,0.8207,38436597 PKF *,329104.95,0.35,3.41,-6.57
686,FC Porto Fan Token,PORTO,None,4.01,7800000 PORTO *,15188878.80,0.67,1.49,13.70
687,Dego Finance,DEGO,None,3.61,8607383 DEGO *,19613795.84,1.20,7.66,-16.24
688,Ariva,ARV,None,0.0004938,63060505902 ARV *,9606928.14,0.72,18.34,1.67
689,Ternoa,CAPS,None,0.06299,492698725 CAPS *,856925.10,0.55,-1.02,-5.36
690,Poseidon Network,QQQ,None,0.01296,2202875408 QQQ *,70767.64,-16.71,-14.05,-1.53
691,Sentivate,SNTVT,None,0.008632,3583525479 SNTVT *,150866.50,-7.85,8.00,-1.81
692,Rainicorn,RAINI,None,0.06299,486362378 RAINI *,419404.04,0.88,5.08,-8.45
693,ZEON,ZEON,None,0.0009994,30529103436 ZEON *,1294199.78,1.56,5.97,-21.28
694,ChainGuardians,CGG,None,0.6996,43517305 CGG *,891705.20,0.67,7.79,-3.10
695,Drep [new],DREP,None,0.7605,39900000 DREP *,7913822.36,0.68,2.59,-1.97
696,StarTerra,STT,None,1.23,24582260 STT *,105079.15,-0.37,-1.04,-13.93
697,DEXTools,DEXT,None,0.3054,99079646 DEXT *,155199.97,0.65,11.10,-8.35
698,DogeBonk,DOBO,None,0.00000005181,582959739166037 DOBO *,110538.63,0.72,8.53,-1.04
699,WaykiChain,WICC,None,0.144,210000000 WICC *,779113.84,0.41,3.41,-6.43
700,GoChain,GO,None,0.02657,1135737850 GO *,343558.35,0.49,7.67,11.01
701,ZKSwap,ZKS,None,0.151,197440000 ZKS *,2295097.53,0.98,8.00,-12.26
702,Permission Coin,ASK,None,0.001891,15849221458 ASK *,420505.52,0.17,31.77,28.67
703,PlanetWatch,PLANETS,None,0.196,150200937 PLANETS *,443869.65,1.35,9.44,-16.35
704,Electric Vehicle Zone,EVZ,None,0.06634,442733056 EVZ *,408960.47,0.68,3.84,-4.34
705,GET Protocol,GET,None,2.59,11388258 GET *,144718.04,1.31,5.85,4.71
706,Gifto,GTO,None,0.03815,770236879 GTO *,3723011.26,0.11,4.09,-2.45
707,Nimiq,NIM,None,0.003278,8940642183 NIM,1244331.79,2.79,7.40,-1.30
708,Dragonchain,DRGN,None,0.07842,370774090 DRGN *,181897.55,-1.59,13.31,-5.70
709,Hamster,HAM,None,0.00000001225,2384230000000000 HAM *,1378870.67,0.80,27.02,29.65
710,Genopets,GENE,None,8.30,3487488 GENE *,818886.58,0.06,3.04,19.83
711,Edgeware,EDG,None,0.004838,5997698742 EDG *,1373872.90,0.64,1.18,-3.37
712,REVV,REVV,None,0.1037,278270642 REVV *,6719678.73,0.48,4.50,-7.80
713,Reserve,RSV,None,0.9967,28850667 RSV *,167754.07,-0.01,0.04,-0.10
714,USDK,USDK,None,0.9988,28600072 USDK *,104690525.07,0.02,-0.04,-0.14
715,SingularityDAO,SDAO,None,0.9746,29322684 SDAO *,1728017.99,0.15,1.44,-12.67
716,Unifi Protocol DAO,UNFI,None,5.56,5146364 UNFI *,18250418.21,0.58,7.19,-0.33
717,KARMA,KARMA,None,0.005211,5450532381 KARMA *,5.22,0.83,4.67,1.04
718,PAID Network,PAID,None,0.3443,83070175 PAID *,1054830.09,1.91,9.20,-12.32
719,Soda Coin,SOC,None,0.01603,1763526984 SOC *,1528020.32,-0.61,6.10,5.59
720,PERL.eco,PERL,None,0.05764,490938908 PERL *,3861195.83,1.73,7.58,-3.01
721,Gemma Extending Tech,GXT,None,0.4067,68529186 GXT *,650036.54,3.58,13.97,28.82
722,Stratos,STOS,None,1.39,20152153 STOS *,1441598.39,0.64,5.45,-22.03
723,VITE,VITE,None,0.05602,500633808 VITE *,3326840.69,0.66,6.50,-1.96
724,InsurAce,INSUR,None,0.6234,44891926 INSUR *,1634049.21,0.30,2.80,-9.05
725,Everest,ID,None,0.239,116700000 ID *,310424.63,1.38,5.91,-1.74
726,MAP Protocol,MAP,None,0.02209,1255183690 MAP *,969775.94,-0.55,4.73,-3.85
727,Smart MFG,MFG,None,0.08694,319415351 MFG *,195427.81,0.92,-4.44,-0.17
728,ShareToken,SHR,None,0.01189,2334774193 SHR *,318349.89,0.21,2.91,2.54
729,BEPRO Network,BEPRO,None,0.004096,6764991106 BEPRO *,1569615.06,0.76,19.32,2.81
730,Pendle,PENDLE,None,0.2885,95612926 PENDLE *,625129.75,1.51,8.53,-9.90
731,BUX Token,BUX,None,0.4722,57904773 BUX *,145113.97,0.79,5.95,-4.37
732,Rubic,RBC,None,0.2424,109000000 RBC *,1308986.57,1.11,7.92,-0.28
733,AirSwap,AST,None,0.1806,150000000 AST *,760165.44,0.73,3.80,-9.88
734,DeHub,DEHUB,None,0.006986,3847640087 DEHUB *,205205.35,0.95,10.21,8.99
735,Epic Cash,EPIC,None,1.95,13731108 EPIC,32663.21,4.08,6.74,8.77
736,Shiryo-Inu,SHIRYO-INU,None,0.000000000027,981854650977632800 SHIRYO-INU *,691283.56,4.53,8.64,-1.84
737,Locus Chain,LOCUS,None,0.03019,879808261 LOCUS *,664868.82,-0.02,-0.91,4.78
738,Oxygen,OXY,None,0.5981,44299061 OXY *,791529.69,1.24,5.70,-9.92
739,ReddCoin,RDD,None,0.00087,30397274955 RDD *,67134.96,-1.13,10.07,3.22
740,The Midas Touch Gold,TMTG,None,0.002975,8911927239 TMTG *,644593.41,0.37,6.84,-7.84
741,BENQI,QI,None,0.08178,325692000 QI *,109434295.07,-1.29,33.22,-2.57
742,DeXe,DEXE,None,7.42,3522016 DEXE *,8214285.65,0.57,2.71,1.68
743,ELYSIA,EL,None,0.00811,3231133910 EL *,448434.00,1.76,3.85,-5.01
744,PAC Protocol,PAC,None,0.001603,16144853899 PAC,168262.64,-1.34,1.98,-8.72
745,Lossless,LSS,None,0.6826,37822672 LSS *,2522617.22,0.25,14.56,-1.13
746,BitForex Token,BF,None,0.006038,4286037447 BF *,360252.65,0.99,5.24,-3.91
747,Populous,PPT,None,0.4814,53252246 PPT *,633302.79,1.56,14.26,18.93
748,Dora Factory,DORA,None,6.53,3949427 DORA *,6191587.26,0.72,3.32,-8.34
749,Bread,BRD,None,0.2895,88862718 BRD *,491569.21,0.39,1.72,-10.99
750,Jupiter,JUP,None,0.02986,862715924 JUP *,718440.12,0.84,3.91,15.43
751,QASH,QASH,None,0.07329,350000000 QASH *,229178.73,-10.11,3.00,0.09
752,Counterparty,XCP,None,9.78,2613892 XCP *,52966.77,4.46,3.35,-0.54
753,Xeno Token,XNO,None,0.06836,372210897 XNO *,48738121.23,0.60,4.49,-12.34
754,DXdao,DXD,None,515.76,49320 DXD *,183919.04,-0.28,1.86,0.05
755,FOAM,FOAM,None,0.08036,316571950 FOAM *,42991.47,1.45,8.81,24.37
756,Oxen,OXEN,None,0.4439,57139786 OXEN *,34096.96,0.60,2.56,-4.57
757,VIDT Datalink,VIDT,None,0.5124,49428303 VIDT *,5522525.95,0.74,5.41,-5.30
758,Nexus,NXS,None,0.343,72742357 NXS,532861.45,0.73,3.70,-3.53
759,Hiblocks,HIBS,None,0.002694,9206678425 HIBS *,151504.51,1.01,1.49,-5.60
760,Auto,AUTO,None,469.16,53003 AUTO *,2659210.22,1.02,9.13,2.88
761,Era Swap,ES,None,0.02448,997282758 ES *,54603.42,0.21,1.02,0.55
762,Student Coin,STC,None,0.004606,5322747502 STC *,349850.08,-0.28,-3.88,0.36
763,King DAG,KDAG,None,0.4427,54451545 KDAG *,10890808.68,-0.80,0.86,1.08
764,LikeCoin,LIKE,None,0.02215,1082871322 LIKE *,40378.95,0.07,7.75,-4.87
765,PornRocket,PORNROCKET,None,0.00000005898,400401389056839 PORNROCKET *,244859.23,0.55,0.14,-23.15
766,Nash,NEX,None,0.8142,29166201 NEX *,181334.99,0.94,5.69,13.17
767,Wing Finance,WING,None,10.18,2320406 WING *,5396086.37,-0.35,5.41,-0.49
768,GYEN,GYEN,None,0.008638,2733961999 GYEN *,294103.10,-0.01,-0.06,0.00
769,MATH,MATH,None,0.2051,114356164 MATH *,437865.98,-0.18,-3.81,-13.88
770,FC Barcelona Fan Token,BAR,None,6.60,3551882 BAR *,1156374.81,0.37,1.74,-4.24
771,Vesper,VSP,None,2.74,8544193 VSP *,186407.85,0.61,5.53,-10.93
772,88mph,MPH,None,52.40,445792 MPH *,1654132.25,0.29,24.80,43.16
773,Dovu,DOV,None,0.02502,931157114 DOV *,218650.80,3.07,-2.00,5.98
774,Newton,NEW,None,0.001119,20571994592 NEW,11712741.99,1.63,1.64,4.66
775,Cream Finance,CREAM,None,37.01,616378 CREAM *,7408724.19,2.16,6.89,-7.09
776,DxChain Token,DX,None,0.0004541,50000000000 DX *,22384.74,0.30,1.80,-5.96
777,TEMCO,TEMCO,None,0.005551,3973256413 TEMCO *,199097.36,-1.38,1.28,-6.38
778,Signum,SIGNA,None,0.01063,2130801392 SIGNA *,277667.68,0.07,2.34,50.93
779,GameCredits,GAME,None,0.1228,182580280 GAME *,55210.72,0.98,9.81,-2.48
780,Talken,TALK,None,0.3655,61727057 TALK *,1524025.88,-0.02,-0.64,1.74
781,VIMworld,VEED,None,0.004039,5566374466 VEED *,309889.38,1.57,15.83,-1.51
782,Carbon,SWTH,None,0.01351,1650438975 SWTH *,91938.46,0.99,-4.84,-12.35
783,BLOCKv,VEE,None,0.006387,3471554078 VEE *,17126.04,0.82,2.68,3.20
784,Router Protocol,ROUTE,None,3.43,6420658 ROUTE *,3480631.48,0.42,7.17,-21.80
785,PIVX,PIVX,None,0.3242,68325057 PIVX *,158009.98,0.54,8.37,-4.33
786,LBRY Credits,LBC,None,0.03406,647010906 LBC,38850.77,0.55,4.70,-2.47
787,GMCoin,GMCOIN,None,0.5331,41183481 GMCOIN *,376400.77,-0.01,0.63,0.74
788,Numbers Protocol,NUM,None,0.4131,52972893 NUM *,2231440.03,1.61,2.25,-21.96
789,Curate,XCUR,None,2.61,8342291 XCUR *,1536546.08,2.06,12.26,-2.50
790,ChainX,PCX,None,1.77,12322475 PCX *,648213.59,0.43,1.34,-1.19
791,Observer,OBSR,None,0.004011,5437080871 OBSR,189712.58,0.17,4.10,-6.81
792,Pawtocol,UPI,None,0.08332,257924377 UPI *,10293499.00,-5.73,15.97,-24.65
793,OpenOcean,OOE,None,0.1433,149895377 OOE *,2952802.67,0.95,2.43,-12.64
794,ProximaX,XPX,None,0.003553,6097456550 XPX *,243375.43,0.68,5.38,29.88
795,BHPCoin,BHP,None,1.04,20177578 BHP *,2405251.73,-0.92,-14.84,317.44
796,GNY,GNY,None,0.11,192376657 GNY *,36779.37,3.75,-12.93,-19.30
797,Decentral Games ICE,ICE,None,0.1758,120593917 ICE *,3804085.50,1.12,5.30,0.00
798,ASTA,ASTA,None,0.01152,1800000000 ASTA *,3390070.78,0.15,2.52,-2.86
799,Lattice Token,LTX,None,0.7314,28653896 LTX *,261613.57,0.09,5.05,-0.46
800,Inter Milan Fan Token,INTER,None,6.95,3000202 INTER *,1373059.36,-0.30,4.34,-2.21
801,GamerCoin,GHX,None,0.05183,402685663 GHX *,480465.28,0.11,3.79,-15.01
802,DSLA Protocol,DSLA,None,0.003875,5380682934 DSLA *,957365.71,0.44,7.06,2.12
803,Vertcoin,VTC,None,0.3242,63496285 VTC,398349.48,-0.31,7.82,-10.51
804,SHILL Token,SHILL,None,0.2224,92333936 SHILL *,7472992.55,-2.09,22.41,-1.03
805,Ethereum Push Notification Service,PUSH,None,1.32,15287926 PUSH *,1551364.14,0.23,6.55,-6.48
806,Cryptex Finance,CTX,None,7.84,2568158 CTX *,1575911.91,0.64,-1.46,1.37
995,AnRKey X,$ANRX,None,0.08337,125219279 $ANRX *,245896.21,0.13,0.78,-3.53
996,STARSHIP,STARSHIP,None,0.5487,18908258 STARSHIP *,67020.61,0.11,8.22,1.93
997,Convergence,CONV,None,0.006202,1663854925 CONV *,785027.54,1.23,3.53,-24.23
998,Huobi Pool Token,HPT,None,0.002137,4811438461 HPT *,72654.73,0.04,0.54,-4.16
999,ClassicDoge,XDOGE,None,0.0006767,15170955963 XDOGE *,337998.16,2.90,-0.58,-11.84
1000,JulSwap,JULD,None,0.01722,592160035 JULD *,541246.99,1.01,10.10,1.83
813,BitKan,KAN,None,0.002004,9535439533 KAN *,138294.93,0.72,4.19,3.65
814,GAMEE,GMEE,None,0.1387,137570165 GMEE *,3313191.56,-0.26,1.68,-21.44
815,Polychain Monsters,PMON,None,5.61,3410185 PMON *,1250707.66,0.66,3.37,-5.23
816,Crypterium,CRPT,None,0.234,81499259 CRPT *,1687603.51,0.28,11.95,-33.58
817,Internxt,INXT,None,18.31,1119294 INXT *,377561.37,22.23,7.66,-5.23
818,Lotto,LOTTO,None,0.009418,2000000000 LOTTO *,2957.23,0.00,5.48,-7.46
819,#MetaHash,MHC,None,0.006107,3083388543 MHC *,412502.61,0.68,11.78,-2.53
820,Arcblock,ABT,None,0.1898,98554305 ABT *,3144369.72,-0.21,3.36,-0.27
821,TokenClub,TCT,None,0.02283,817902279 TCT *,3096541.64,0.88,6.29,-5.26
822,POA Network,POA,None,0.06339,294965004 POA *,19.36,-0.06,-34.22,255.77
823,Electra Protocol,XEP,None,0.00107,17378511187 XEP *,59051.85,-0.38,6.96,5.34
824,Life Crypto,LIFE,None,0.002662,7086086693 LIFE *,479561.87,-1.09,-2.46,-12.92
825,Particl,PART,None,1.56,11917486 PART *,2554.80,2.19,11.28,-11.81
826,HAPI Protocol,HAPI,None,27.28,670924 HAPI *,3641390.28,0.59,2.10,-10.20
827,Peercoin,PPC,None,0.6665,27393106 PPC,8251.43,-1.28,2.61,-5.26
828,Etherisc DIP Token,DIP,None,0.09275,198449577 DIP *,65981.03,1.51,7.86,0.64
829,Florin,XFL,None,135.46,135032 XFL *,22074.67,0.80,6.39,65.61
830,saffron.finance,SFI,None,198.13,91783 SFI *,329852.50,2.69,12.22,14.26
831,Quantum Resistant Ledger,QRL,None,0.2419,75961724 QRL,50410.78,-1.68,-2.68,1.14
832,Doge Dash,DOGEDASH,None,0.0003357,54046882510 DOGEDASH *,731020.22,0.05,12.92,8.45
995,AnRKey X,$ANRX,None,0.08337,125219279 $ANRX *,245896.21,0.13,0.78,-3.53
996,STARSHIP,STARSHIP,None,0.5487,18908258 STARSHIP *,67020.61,0.11,8.22,1.93
997,Convergence,CONV,None,0.006202,1663854925 CONV *,785027.54,1.23,3.53,-24.23
998,Huobi Pool Token,HPT,None,0.002137,4811438461 HPT *,72654.73,0.04,0.54,-4.16
999,ClassicDoge,XDOGE,None,0.0006767,15170955963 XDOGE *,337998.16,2.90,-0.58,-11.84
1000,JulSwap,JULD,None,0.01722,592160035 JULD *,541246.99,1.01,10.10,1.83
839,PolkaBridge,PBR,None,0.3944,44859418 PBR *,1373431.78,-0.09,5.87,-14.30
840,DIGG,DIGG,None,35166.95,503 DIGG *,39049.57,0.36,2.49,1.38
841,Mobius,MOBI,None,0.03186,551886325 MOBI *,143695.62,0.53,6.51,-19.82
842,Govi,GOVI,None,1.59,11015460 GOVI *,708487.98,2.75,17.05,54.84
843,UniLend,UFT,None,0.542,31052564 UFT *,1171395.25,1.56,7.79,-1.51
844,Solrise Finance,SLRS,None,0.3086,55302320 SLRS *,563518.27,-0.09,-0.27,-7.52
845,Emirex Token,EMRX,None,0.6359,27058765 EMRX *,242007.54,2.06,5.62,1.28
846,HyperCash,HC,None,0.3766,45071909 HC,1215832.28,0.34,2.50,-3.41
847,Oraichain Token,ORAI,None,8.29,2044424 ORAI *,1711086.88,1.82,6.20,63.75
848,Aventus,AVT,None,2.85,6000000 AVT *,335616.16,-1.95,-0.22,1.11
849,Spiking,SPIKE,None,0.03823,442894598 SPIKE *,None,1.59,8.40,1.83
850,DeGate,DG,None,0.2071,82229193 DG *,2223038.32,1.83,-2.55,-1.68
851,IQeon,IQN,None,3.06,5491860 IQN *,1797015.52,0.15,2.87,1.04
852,Pluton,PLU,None,9.06,1852000 PLU *,947258.38,-0.37,0.34,-13.71
853,Deri Protocol,DERI,None,0.1174,141336762 DERI *,430679.40,-0.29,0.53,3.21
854,Spartan Protocol,SPARTA,None,0.1647,101117069 SPARTA *,823256.25,-0.69,6.63,-11.22
855,vEmpire DDAO,VEMP,None,0.09511,173684291 VEMP *,2907619.34,1.25,1.99,-17.43
856,Ondori,RSTR,None,0.0004353,37766847790 RSTR,None,0.00,0.00,-1.33
857,O3 Swap,O3,None,0.3867,42389214 O3 *,3549574.23,0.91,0.94,-2.44
858,Only1,LIKE,None,0.1672,98076586 LIKE *,916186.30,-0.01,-1.56,16.06
995,AnRKey X,$ANRX,None,0.08337,125219279 $ANRX *,245896.21,0.13,0.78,-3.53
996,STARSHIP,STARSHIP,None,0.5487,18908258 STARSHIP *,67020.61,0.11,8.22,1.93
997,Convergence,CONV,None,0.006202,1663854925 CONV *,785027.54,1.23,3.53,-24.23
998,Huobi Pool Token,HPT,None,0.002137,4811438461 HPT *,72654.73,0.04,0.54,-4.16
999,ClassicDoge,XDOGE,None,0.0006767,15170955963 XDOGE *,337998.16,2.90,-0.58,-11.84
1000,JulSwap,JULD,None,0.01722,592160035 JULD *,541246.99,1.01,10.10,1.83
865,Crust Network,CRU,None,5.24,3062357 CRU *,928021.27,0.17,6.93,-7.58
866,Stakeborg DAO,STANDARD,None,11.16,1429968 STANDARD *,283651.48,-0.02,3.32,-12.67
867,Goldfinch,GFI,None,3.15,5072242 GFI *,1806463.77,2.85,4.13,-19.06
868,GoCrypto Token,GOC,None,0.06528,245278438 GOC *,151876.85,1.24,20.72,7.85
869,BlockWallet,BLANK,None,0.8196,19394814 BLANK *,1227154.50,-0.22,29.78,34.83
870,Gameswap,GSWAP,None,1.42,11202090 GSWAP *,123500.08,1.48,11.73,-16.50
871,BIDR,BIDR,None,0.00007006,225715436474 BIDR *,65353121.07,0.17,0.50,1.13
872,Belt Finance,BELT,None,1.65,9550122 BELT *,453879.36,0.53,6.49,-0.34
873,BigONE Token,ONE,None,0.001695,9449081034 ONE *,None,1.60,5.48,-1.65
874,Grin,GRIN,None,0.1619,97014720 GRIN,1782734.13,-6.56,-5.20,-13.28
875,Pallapay,PALLA,None,0.02666,586249412 PALLA *,527424.59,0.39,3.72,0.42
876,Decimated,DIO,None,0.3271,47238733 DIO *,961238.40,-1.09,-2.68,-9.52
877,CUTcoin,CUT,None,0.1004,155451902 CUT *,799.37,0.83,4.70,-21.70
878,Mogul Productions,STARS,None,0.05044,306657541 STARS *,2492832.56,-3.11,1.62,16.38
879,MILC Platform,MLT,None,0.1958,79013040 MLT *,1629248.69,0.87,2.39,-3.76
880,Callisto Network,CLO,None,0.004911,3104773221 CLO,55690.53,0.43,7.67,-3.78
881,smARTOFGIVING,AOG,None,0.2068,73780484 AOG *,75435.60,0.77,14.21,6.10
882,Xaya,CHI,None,0.3291,48462895 CHI *,64819.67,1.25,5.48,17.62
883,Torum,XTM,None,0.2913,52360307 XTM *,2274282.54,0.35,11.78,-4.36
884,EpiK Protocol,EPK,None,0.1163,130057090 EPK *,3421960.59,0.43,-2.75,-23.64
995,AnRKey X,$ANRX,None,0.08337,125219279 $ANRX *,245896.21,0.13,0.78,-3.53
996,STARSHIP,STARSHIP,None,0.5487,18908258 STARSHIP *,67020.61,0.11,8.22,1.93
997,Convergence,CONV,None,0.006202,1663854925 CONV *,785027.54,1.23,3.53,-24.23
998,Huobi Pool Token,HPT,None,0.002137,4811438461 HPT *,72654.73,0.04,0.54,-4.16
999,ClassicDoge,XDOGE,None,0.0006767,15170955963 XDOGE *,337998.16,2.90,-0.58,-11.84
1000,JulSwap,JULD,None,0.01722,592160035 JULD *,541246.99,1.01,10.10,1.83
891,USDJ,USDJ,None,0.996,14848772 USDJ *,5295362.21,0.01,0.04,-0.60
892,Santiment Network Token,SAN,None,0.2339,63293579 SAN *,3594.35,0.83,4.65,-4.15
893,Nebulas,NAS,None,0.2422,61129891 NAS *,2540508.63,1.30,6.69,-4.76
894,Valor Token,VALOR,None,0.7364,20036000 VALOR *,1747686.72,-0.82,7.96,-8.40
895,Niftyx Protocol,SHROOM,None,0.2863,51386058 SHROOM *,133717.17,1.09,-0.34,-7.53
896,Oxbull.tech,OXB,None,1.95,7501504 OXB *,252893.28,0.25,-0.38,-9.27
897,SafeMoon Inu,SMI,None,0.00001457,1000000000000 SMI *,111709.70,1.13,18.39,3.94
898,Mint Club,MINT,None,0.00001545,1041314412631 MINT *,1954667.39,0.15,4.76,-5.24
899,Polkamarkets,POLK,None,0.2985,48999665 POLK *,155868.95,0.57,9.65,3.58
900,Sylo,SYLO,None,0.005959,2431617492 SYLO *,384388.84,0.69,2.42,-10.90
901,Ambrosus,AMB,None,0.02669,552366578 AMB *,343553.15,0.71,11.98,-0.66
902,Kryptomon,KMON,None,0.07579,189843488 KMON *,1955164.66,-1.56,6.83,4.58
903,OneArt,1ART,None,0.1519,95083936 1ART *,401085.67,1.02,6.65,-3.59
904,Pickle Finance,PICKLE,None,7.53,1908030 PICKLE *,2753307.72,0.07,12.85,-6.83
905,HoDooi.com,HOD,None,0.07088,202785121 HOD *,787210.57,0.51,6.58,-11.93
906,Muse,MUSE,None,28.36,508554 MUSE *,118668.53,-0.98,5.28,8.34
907,ProBit Token,PROB,None,0.341,42000000 PROB *,33531.31,1.77,5.10,15.18
908,Cindicator,CND,None,0.007131,2000000005 CND *,74908.94,7.55,4.67,1.03
909,Infinity PAD,IPAD,None,0.02632,540000000 IPAD *,340082.66,-0.02,3.70,13.84
995,AnRKey X,$ANRX,None,0.08337,125219279 $ANRX *,245896.21,0.13,0.78,-3.53
996,STARSHIP,STARSHIP,None,0.5487,18908258 STARSHIP *,67020.61,0.11,8.22,1.93
997,Convergence,CONV,None,0.006202,1663854925 CONV *,785027.54,1.23,3.53,-24.23
998,Huobi Pool Token,HPT,None,0.002137,4811438461 HPT *,72654.73,0.04,0.54,-4.16
999,ClassicDoge,XDOGE,None,0.0006767,15170955963 XDOGE *,337998.16,2.90,-0.58,-11.84
1000,JulSwap,JULD,None,0.01722,592160035 JULD *,541246.99,1.01,10.10,1.83
916,Genaro Network,GNX,None,0.02141,650000000 GNX,906179.57,7.92,7.63,28.81
917,Bitball Treasure,BTRS,None,30.85,450000 BTRS *,28253.09,0.13,4.14,-11.58
918,RioDeFi,RFUEL,None,0.04643,295700838 RFUEL *,1408608.36,0.46,3.58,4.26
919,Birake,BIR,None,0.136,101032042 BIR,4217.11,0.83,4.67,2.72
920,Rupiah Token,IDRT,None,0.00007006,195347997094 IDRT *,611184.13,-0.11,-0.18,0.45
921,OneLedger,OLT,None,0.02745,492040977 OLT *,200421.21,-0.15,2.34,-6.42
922,AstroSwap,ASTRO,None,0.032,428462821 ASTRO *,824900.80,0.93,15.42,-19.37
923,Tarot,TAROT,None,0.5371,24608213 TAROT *,1547097.86,1.32,4.81,-17.29
924,AXIA Coin,AXC,None,11.03,1188168 AXC *,238537.12,0.03,0.83,27.28
925,Raiden Network Token,RDN,None,0.1966,66793931 RDN *,77338.32,0.72,4.83,0.33
926,Lithium,LITH,None,0.00701,1867735257 LITH *,539714.42,0.40,6.71,-8.49
927,AntiMatter Governance Token,MATTER,None,0.4185,31301449 MATTER *,336166.44,0.20,2.18,-6.87
928,Santos FC Fan Token,SANTOS,None,2.89,4550000 SANTOS *,4203898.20,0.32,3.08,1.30
929,OAX,OAX,None,0.1687,77045251 OAX *,385217.50,0.84,1.04,13.99
930,Sin City Metaverse,SIN,None,0.1402,92603257 SIN *,1058128.56,1.65,19.12,-6.88
931,Cardstack,CARD,None,0.005484,2357982917 CARD *,146096.33,2.59,6.97,20.41
932,Agoras: Currency of Tau,AGRS,None,0.7422,18000000 AGRS *,5637.63,2.10,-4.80,12.29
933,Neblio,NEBL,None,0.6843,18678687 NEBL *,73874.94,1.16,3.35,1.18
934,Metaverse ETP,ETP,None,0.1615,79746148 ETP,17909.26,-0.02,8.96,4.80
935,UniCrypt,UNCX,None,471.30,27206 UNCX *,969090.40,2.24,6.22,1.58
995,AnRKey X,$ANRX,None,0.08337,125219279 $ANRX *,245896.21,0.13,0.78,-3.53
996,STARSHIP,STARSHIP,None,0.5487,18908258 STARSHIP *,67020.61,0.11,8.22,1.93
997,Convergence,CONV,None,0.006202,1663854925 CONV *,785027.54,1.23,3.53,-24.23
998,Huobi Pool Token,HPT,None,0.002137,4811438461 HPT *,72654.73,0.04,0.54,-4.16
999,ClassicDoge,XDOGE,None,0.0006767,15170955963 XDOGE *,337998.16,2.90,-0.58,-11.84
1000,JulSwap,JULD,None,0.01722,592160035 JULD *,541246.99,1.01,10.10,1.83
942,Umbrella Network,UMB,None,0.1684,74060182 UMB *,745490.52,1.73,5.64,-10.58
943,Tachyon Protocol,IPX,None,0.04694,266858531 IPX *,243188.35,0.04,3.70,-6.69
944,WOM Protocol,WOM,None,0.1169,105657976 WOM *,981630.60,1.25,5.72,-4.91
945,Navcoin,NAV,None,0.1695,72848563 NAV *,49377.52,0.97,6.20,-5.63
946,CONTRACOIN,CTCN,None,0.2828,43564271 CTCN *,59.89,0.00,0.01,4.62
947,ZeroSwap,ZEE,None,0.1933,63429102 ZEE *,5042211.21,1.75,2.46,13.10
948,Kylin,KYL,None,0.07958,154725763 KYL *,396427.78,3.47,10.11,-2.78
949,FIBOS,FO,None,0.01136,1071593128 FO,278982.49,-0.21,-0.63,-4.96
950,Monetha,MTH,None,0.03073,402400000 MTH *,873575.11,15.15,7.86,20.39
951,Misbloc,MSB,None,0.09139,132851939 MSB *,8733289.75,-1.08,-8.39,-43.52
952,Cashaa,CAS,None,0.01479,819528005 CAS *,383258.11,1.65,-0.04,0.37
953,Earneo,RNO,None,0.04714,254552776 RNO *,140452.38,0.75,-0.64,-1.23
954,Minter Network,BIP,None,0.00229,5257503965 BIP *,7017.63,-0.50,-1.52,-17.17
955,DuckDaoDime,DDIM,None,11.52,1037793 DDIM *,269185.71,0.29,3.64,-4.22
956,Abyss,ABYSS,None,0.05215,228664903 ABYSS *,105451.31,-0.33,1.22,-13.04
957,Shirtum,SHI,None,0.1029,115997382 SHI *,222636.71,0.53,9.11,9.01
958,Venus SXP,vSXP,None,0.03005,396674884 vSXP *,None,0.67,7.76,-1.15
959,Atletico De Madrid Fan Token,ATM,None,5.69,2086980 ATM *,3530721.81,0.00,4.31,1.77
960,BullPerks,BLP,None,0.2696,43966880 BLP *,924832.14,-2.48,-3.19,5.49
961,PlotX,PLOT,None,0.1796,66318562 PLOT *,691897.47,0.90,7.72,35.43
995,AnRKey X,$ANRX,None,0.08337,125219279 $ANRX *,245896.21,0.13,0.78,-3.53
996,STARSHIP,STARSHIP,None,0.5487,18908258 STARSHIP *,67020.61,0.11,8.22,1.93
997,Convergence,CONV,None,0.006202,1663854925 CONV *,785027.54,1.23,3.53,-24.23
998,Huobi Pool Token,HPT,None,0.002137,4811438461 HPT *,72654.73,0.04,0.54,-4.16
999,ClassicDoge,XDOGE,None,0.0006767,15170955963 XDOGE *,337998.16,2.90,-0.58,-11.84
1000,JulSwap,JULD,None,0.01722,592160035 JULD *,541246.99,1.01,10.10,1.83
968,Sarcophagus,SARCO,None,0.7352,15652227 SARCO *,8877.60,1.51,8.05,6.46
969,Revomon,REVO,None,0.4631,24810137 REVO *,2079567.41,1.18,5.42,3.61
970,ParaSwap,PSP,None,0.1574,72891000 PSP *,339798.31,0.15,5.16,-14.26
971,Factom,FCT,None,1.12,10203323 FCT *,1097.98,0.83,4.71,-3.01
972,GPEX,GPX,None,1.47,7785806 GPX *,153813.62,0.01,7.13,-13.49
973,Aurora,AOA,None,0.001116,9975060788 AOA *,274639.32,-2.27,1.31,-15.41
974,mStable Governance Token: Meta (MTA),MTA,None,0.6549,17336544 MTA *,2396339.07,0.73,4.90,-9.77
975,Venus Reward Token,VRT,None,0.0005052,21999981080 VRT *,227059.79,-1.50,3.02,3.03
976,Trabzonspor Fan Token,TRA,None,4.71,2356284 TRA *,2192720.93,-0.05,2.37,4.79
977,Phoenix Global (new),PHB,None,0.2987,37136775 PHB *,1135361.03,2.23,7.94,-4.12
978,apM Coin,APM,None,0.03024,361875000 APM *,95492.44,0.60,0.33,-7.83
979,Venus LTC,vLTC,None,2.65,4142378 vLTC *,None,1.26,5.58,-1.66
980,Luna Rush,LUS,None,2.38,4550147 LUS *,13904436.01,-0.48,-1.84,-43.10
981,GameZone,GZONE,None,0.1727,63890302 GZONE *,1252699.83,0.02,10.20,-14.24
982,Nitro Network,NCASH,None,0.00149,7325209699 NCASH *,33148.16,0.14,7.97,-4.25
983,Infinitecoin,IFC,None,0.0001204,90595753019 IFC,111.49,0.83,-8.84,-14.75
984,TenX,PAY,None,0.05314,205218256 PAY *,2065726.66,0.93,3.26,33.40
985,unFederalReserve,eRSDL,None,0.02506,433111330 eRSDL *,522757.53,1.30,9.59,2.87
986,Venus LINK,vLINK,None,0.3498,30907312 vLINK *,None,1.82,8.66,-6.00
995,AnRKey X,$ANRX,None,0.08337,125219279 $ANRX *,245896.21,0.13,0.78,-3.53
996,STARSHIP,STARSHIP,None,0.5487,18908258 STARSHIP *,67020.61,0.11,8.22,1.93
997,Convergence,CONV,None,0.006202,1663854925 CONV *,785027.54,1.23,3.53,-24.23
998,Huobi Pool Token,HPT,None,0.002137,4811438461 HPT *,72654.73,0.04,0.54,-4.16
999,ClassicDoge,XDOGE,None,0.0006767,15170955963 XDOGE *,337998.16,2.90,-0.58,-11.84
1000,JulSwap,JULD,None,0.01722,592160035 JULD *,541246.99,1.01,10.10,1.83
993,Skey Network,SKEY,None,0.05832,181631354 SKEY *,742478.93,2.01,7.30,-11.55
994,Anchor,ANCT,None,0.8254,12832134 ANCT *,6595.71,0.28,0.77,2.38
995,AnRKey X,$ANRX,None,0.08337,125219279 $ANRX *,245896.21,0.13,0.78,-3.53
996,STARSHIP,STARSHIP,None,0.5487,18908258 STARSHIP *,67020.61,0.11,8.22,1.93
997,Convergence,CONV,None,0.006202,1663854925 CONV *,785027.54,1.23,3.53,-24.23
998,Huobi Pool Token,HPT,None,0.002137,4811438461 HPT *,72654.73,0.04,0.54,-4.16
999,ClassicDoge,XDOGE,None,0.0006767,15170955963 XDOGE *,337998.16,2.90,-0.58,-11.84
1000,JulSwap,JULD,None,0.01722,592160035 JULD *,541246.99,1.01,10.10,1.83
1001,BnkToTheFuture,BFT,None,0.0139,729955635 BFT *,65908.32,1.76,14.27,-0.84
1002,Onooks,OOKS,None,0.9312,10927955 OOKS *,291448.03,1.25,63.74,59.18
1003,Bithao,BHAO,None,0.1871,54158673 BHAO *,None,0.00,0.01,0.00
1004,Moeda Loyalty Points,MDA,None,0.5172,19628888 MDA *,1268534.26,0.33,5.19,14.53
1005,Finxflo,FXF,None,0.1211,83761747 FXF *,53104.55,0.11,8.89,-14.90
1006,Nxt,NXT,None,0.01012,998999942 NXT *,195420.45,-0.09,3.89,-1.26
1007,Galaxy Heroes Coin,GHC,None,0.00000001009,1000000000000000 GHC *,886058.49,0.64,-1.88,-31.63
1008,ADAPad,ADAPAD,None,0.08785,117642373 ADAPAD *,1198548.59,0.90,0.39,-27.68
1009,ROOBEE,ROOBEE,None,0.003956,2549952518 ROOBEE *,1175803.77,0.71,3.84,2.41
1010,Trias Token (new),TRIAS,None,6.30,1600000 TRIAS *,1841384.23,1.72,9.51,-8.27
1011,CumRocket,CUMMIES,None,0.007515,1320428309 CUMMIES *,133568.69,-0.80,4.72,-9.68
1012,Seascape Crowns,CWS,None,4.61,2166504 CWS *,1161049.03,0.49,7.60,-1.83
1013,Dexlab,DXL,None,0.1914,52526786 DXL *,116453.58,0.11,1.97,8.32
1014,Morpheus Labs,MITX,None,0.02149,465999999 MITX *,790046.94,-5.21,23.57,-0.86
1015,DeepBrain Chain,DBC,None,0.003113,3200000000 DBC *,250070.55,0.45,0.53,1.63
1016,Tokenomy,TEN,None,0.04959,200000000 TEN *,37336.09,0.19,0.56,1.11
1017,Vidya,VIDYA,None,0.2398,40035356 VIDYA *,100410.07,4.24,13.21,-8.70
1195,CyberFi Token,CFi,None,2.94,1975000 CFi *,64725.96,0.64,4.90,-12.46
1196,Venus DAI,vDAI,None,0.02106,274537625 vDAI *,None,-0.01,0.04,0.10
1197,Refinable,FINE,None,0.1396,41059833 FINE *,799797.73,0.41,4.76,-2.04
1198,EUNO,EUNO,None,0.0008915,6456291984 EUNO,4777.67,0.83,4.67,1.03
1199,Swingby,SWINGBY,None,0.01783,318527768 SWINGBY *,410499.55,0.01,2.01,1.36
1200,CoverCompared,CVR,None,0.08337,68606828 CVR *,173007.41,7.08,35.99,22.77
1024,Galatasaray Fan Token,GAL,None,2.79,3507572 GAL *,555990.58,-0.03,1.76,-4.73
1025,Tranche Finance,SLICE,None,0.486,20000000 SLICE *,63009.70,0.51,6.12,-3.40
1026,0xBitcoin,0xBTC,None,1.69,5736550 0xBTC,232753.79,-1.00,-0.93,-5.18
1027,FREEdom Coin,FREE,None,0.0000009875,9938989997635 FREE *,343426.25,0.09,0.66,-2.38
1028,TrueChain,TRUE,None,0.1222,79575543 TRUE *,2486263.40,-0.98,-7.14,-37.32
1029,Ispolink,ISP,None,0.003766,2552961493 ISP *,3803325.69,4.55,9.98,2.84
1030,STEM CELL COIN,SCC,None,0.02987,320658118 SCC *,None,0.83,4.67,1.04
1031,Chainge,CHNG,None,0.08648,110046435 CHNG *,201451.66,-0.16,1.82,-2.72
1032,Lightning,LIGHT,None,0.1473,64269692 LIGHT *,136334.44,1.45,5.50,-5.27
1033,FortKnoxster,FKX,None,0.06333,149077343 FKX *,600108.37,-0.07,6.89,-12.74
1034,Mirrored Tesla,mTSLA,None,966.62,9743 mTSLA *,205926.93,-0.10,4.18,-0.30
1035,TrustVerse,TRV,None,0.01448,646500006 TRV *,61535.28,0.06,3.76,-5.73
1036,Lamden,TAU,None,0.06605,142215728 TAU *,686843.23,0.05,1.64,-2.51
1037,Atomic Wallet Coin,AWC,None,0.8803,10603659 AWC *,16174.91,2.59,6.87,0.36
1038,Blocery,BLY,None,0.022,422738886 BLY *,612929.20,0.35,1.28,-4.07
1039,EOS Force,EOSC,None,0.009602,964070125 EOSC *,237385.88,0.86,3.92,7.66
1040,Strips Finance,STRP,None,2.22,4125963 STRP *,267102.95,0.69,-2.93,-21.54
1041,MCDEX Token,MCB,None,4.94,1854178 MCB *,1042875.48,1.47,3.55,-23.41
1195,CyberFi Token,CFi,None,2.94,1975000 CFi *,64725.96,0.64,4.90,-12.46
1196,Venus DAI,vDAI,None,0.02106,274537625 vDAI *,None,-0.01,0.04,0.10
1197,Refinable,FINE,None,0.1396,41059833 FINE *,799797.73,0.41,4.76,-2.04
1198,EUNO,EUNO,None,0.0008915,6456291984 EUNO,4777.67,0.83,4.67,1.03
1199,Swingby,SWINGBY,None,0.01783,318527768 SWINGBY *,410499.55,0.01,2.01,1.36
1200,CoverCompared,CVR,None,0.08337,68606828 CVR *,173007.41,7.08,35.99,22.77
1048,Modefi,MOD,None,0.6182,14550491 MOD *,543755.89,0.51,2.56,-10.29
1049,Anchor Neural World,ANW,None,0.03233,275297977 ANW *,16926186.34,0.21,6.82,-3.59
1050,Aidos Kuneen,ADK,None,0.3531,25000000 ADK *,259541.60,0.23,5.58,0.78
1051,Jigstack,STAK,None,0.00504,1763763939 STAK *,136049.44,1.47,19.01,17.14
1052,Defina Finance,FINA,None,1.18,7506900 FINA *,5075980.63,1.66,35.56,4.04
1053,Taraxa,TARA,None,0.006557,1343021474 TARA *,3042831.00,0.25,10.43,-13.52
1054,Credits,CS,None,0.03958,223456423 CS *,275938.35,0.93,6.04,-19.01
1055,Innovation Blockchain Payment,IBP,None,0.0468,188009206 IBP *,631779.56,0.57,3.68,-1.92
1056,TriumphX,TRIX,None,0.003296,2695987999 TRIX *,333769.29,3.38,12.03,-8.29
1057,Ferrum Network,FRM,None,0.1144,76823459 FRM *,1499185.59,0.63,19.20,22.15
1058,Bitcoin Private,BTCP,None,1.83,4785761 BTCP,155.05,0.83,7.57,6.61
1059,Cryptocean,CRON,None,1.07,8199052 CRON *,161964.04,0.38,22.98,28.35
1060,Mirrored Apple,mAAPL,None,170.13,51041 mAAPL *,541903.04,-0.13,2.16,-1.75
1061,Swop,SWOP,None,4.13,2094267 SWOP *,31605.62,-0.34,1.18,-7.92
1062,Unbound,UNB,None,0.009594,896311341 UNB *,1904435.31,-0.11,30.39,12.38
1063,Robonomics.network,XRT,None,8.37,1035781 XRT *,438525.90,0.03,3.43,-6.75
1064,All Sports,SOC,None,0.005923,1500000000 SOC *,1548871.50,-0.37,60.42,19.07
1065,DOGGY,DOGGY,None,0.00214,4043546646 DOGGY *,474608.71,0.49,9.05,-9.77
1066,Goldcoin,GLC,None,0.1986,43681422 GLC,41183.68,2.20,2.52,-8.29
1195,CyberFi Token,CFi,None,2.94,1975000 CFi *,64725.96,0.64,4.90,-12.46
1196,Venus DAI,vDAI,None,0.02106,274537625 vDAI *,None,-0.01,0.04,0.10
1197,Refinable,FINE,None,0.1396,41059833 FINE *,799797.73,0.41,4.76,-2.04
1198,EUNO,EUNO,None,0.0008915,6456291984 EUNO,4777.67,0.83,4.67,1.03
1199,Swingby,SWINGBY,None,0.01783,318527768 SWINGBY *,410499.55,0.01,2.01,1.36
1200,CoverCompared,CVR,None,0.08337,68606828 CVR *,173007.41,7.08,35.99,22.77
1073,SONM (BEP-20),SNM,None,0.1903,44400000 SNM *,137263.71,0.00,1.41,-3.07
1074,DEEPSPACE,DPS,None,0.1604,52893498 DPS *,334590.69,2.62,11.13,15.57
1075,KCCPAD,KCCPAD,None,0.06213,136144011 KCCPAD *,625738.45,-0.18,9.47,-15.49
1076,PECULIUM (old),PCL,None,0.003925,2131679812 PCL *,8.75,2.56,7.69,-4.34
1077,MicroPets,PETS,None,0.000001665,5007120231351 PETS *,275321.88,0.88,5.60,-11.39
1078,DAFI Protocol,DAFI,None,0.01511,549947255 DAFI *,556203.01,0.50,11.22,-15.73
1079,Enecuum,ENQ,None,0.0415,199110553 ENQ,228625.27,-0.09,3.69,-13.59
1080,Public Mint,MINT,None,0.09758,84654230 MINT *,44986.61,1.18,-1.08,-0.56
1081,Decentr,DEC,None,0.08165,101268535 DEC *,342304.85,0.67,19.69,-9.48
1082,Xend Finance,XEND,None,0.104,79256885 XEND *,267905.77,0.15,4.61,-4.17
1083,Receive Access Ecosystem,RAE,None,1.33,6184936 RAE *,14697.31,1.51,3.32,2.29
1084,Bridge Mutual,BMI,None,0.1256,64697071 BMI *,156910.52,0.80,3.40,-16.26
1085,Paribus,PBX,None,0.0159,506393024 PBX *,2348068.57,2.59,1.78,-11.15
1086,Juggernaut,JGN,None,0.206,39562500 JGN *,532775.97,0.68,5.21,-7.36
1087,WagyuSwap,WAG,None,0.15,54165358 WAG *,163460.83,0.84,10.97,-11.19
1088,Mirrored Invesco QQQ Trust,mQQQ,None,359.83,22507 mQQQ *,207898.80,-0.15,1.69,-1.16
1089,SALT,SALT,None,0.1008,80283615 SALT *,20911.39,0.27,-3.82,-4.36
1090,GAMB,GMB,None,0.001614,4999999990 GMB *,86873.36,0.56,1.65,-1.62
1195,CyberFi Token,CFi,None,2.94,1975000 CFi *,64725.96,0.64,4.90,-12.46
1196,Venus DAI,vDAI,None,0.02106,274537625 vDAI *,None,-0.01,0.04,0.10
1197,Refinable,FINE,None,0.1396,41059833 FINE *,799797.73,0.41,4.76,-2.04
1198,EUNO,EUNO,None,0.0008915,6456291984 EUNO,4777.67,0.83,4.67,1.03
1199,Swingby,SWINGBY,None,0.01783,318527768 SWINGBY *,410499.55,0.01,2.01,1.36
1200,CoverCompared,CVR,None,0.08337,68606828 CVR *,173007.41,7.08,35.99,22.77
1097,Pacoca,PACOCA,None,0.06784,115548474 PACOCA *,725401.56,0.05,7.31,16.78
1098,Stakenet,XSN,None,0.06295,124530148 XSN *,28955.93,-0.11,5.59,-13.69
1099,Plasma Finance,PPAY,None,0.06425,123116295 PPAY *,236291.49,-0.88,8.83,-6.48
1100,Kromatika,KROM,None,0.09741,80280675 KROM *,460252.57,-0.85,15.06,-27.71
1101,Pundi X NEM,NPXSXEM,None,0.0001748,44686428753 NPXSXEM *,2971.14,0.26,11.73,-2.97
1102,Mirrored Alibaba,mBABA,None,131.00,59114 mBABA *,85036.96,-0.13,2.01,2.54
1103,Viberate,VIB,None,0.03941,196825000 VIB *,1032597.39,0.88,4.38,27.44
1104,Geeq,GEEQ,None,0.5757,13413889 GEEQ *,296230.47,2.34,9.50,-5.96
1105,ThreeFold,TFT,None,0.09565,81181457 TFT *,25113.07,-0.44,-2.52,-14.40
1106,BiFi,BIFI,None,0.03161,244001935 BIFI *,126421.35,0.81,13.01,-6.13
1107,Waves Enterprise,WEST,None,0.1838,41965923 WEST *,364918.22,0.09,6.00,9.42
1108,Mysterium,MYST,None,0.3867,20033628 MYST *,81696.05,1.33,2.52,-12.44
1109,Thorstarter,XRUNE,None,0.09533,80689454 XRUNE *,289888.33,0.89,7.17,-7.15
1110,Lambda,LAMB,None,0.00501,1530257668 LAMB *,591683.60,1.01,4.05,-5.10
1111,Dentacoin,DCN,None,0.00001306,588105296887 DCN *,268920.33,0.08,1.02,-9.08
1112,Rainbow Token,RAINBOW,None,0.000000008833,860397837230263 RAINBOW *,212168.44,0.31,0.59,-13.19
1113,Garlicoin,GRLC,None,0.1152,65833175 GRLC,130413.74,0.87,19.15,41.82
1114,Safex Token,SFT,None,0.004,1885974016 SFT *,38.62,-8.61,-6.09,0.70
1115,Swash,SWASH,None,0.06134,121456667 SWASH *,781019.62,0.34,-6.22,1.36
1195,CyberFi Token,CFi,None,2.94,1975000 CFi *,64725.96,0.64,4.90,-12.46
1196,Venus DAI,vDAI,None,0.02106,274537625 vDAI *,None,-0.01,0.04,0.10
1197,Refinable,FINE,None,0.1396,41059833 FINE *,799797.73,0.41,4.76,-2.04
1198,EUNO,EUNO,None,0.0008915,6456291984 EUNO,4777.67,0.83,4.67,1.03
1199,Swingby,SWINGBY,None,0.01783,318527768 SWINGBY *,410499.55,0.01,2.01,1.36
1200,CoverCompared,CVR,None,0.08337,68606828 CVR *,173007.41,7.08,35.99,22.77
1122,Wownero,WOW,None,0.1395,52049447 WOW *,20388.80,-2.89,-3.93,29.08
1123,Dogs Of Elon,DOE,None,0.03827,192111677 DOE *,1063042.31,0.88,3.08,-10.24
1124,Oddz,ODDZ,None,0.156,46778568 ODDZ *,536102.17,0.25,3.06,-23.48
1125,ChangeNOW Token,NOW,None,0.08701,83538980 NOW *,26590.89,0.79,10.05,12.04
1126,Sonar,PING,None,0.002649,2703464935 PING *,63658.93,0.36,6.98,-2.94
1127,Graviton,GTON,None,1.97,3630100 GTON *,26113.63,0.92,4.16,-1.36
1128,Nord Finance,NORD,None,1.69,4263109 NORD *,691329.82,-0.12,4.16,-9.47
1129,Diamond,DMD,None,1.98,3664717 DMD *,15103.57,0.70,4.59,1.72
1130,Monsta Infinite,MONI,None,0.3992,17868943 MONI *,510260.87,0.34,4.48,-14.32
1131,King Shiba,KINGSHIB,None,0.01935,370090254 KINGSHIB *,321476.46,0.42,0.37,-16.85
1132,NFT,NFT,None,0.193,36863404 NFT *,59381.62,1.00,9.60,-3.75
1133,Insights Network,INSTAR,None,0.03611,196753508 INSTAR *,136.59,0.83,137.50,-3.72
1134,Bird.Money,BIRD,None,73.91,94942 BIRD *,64800.02,0.43,11.56,0.08
1135,Arcona,ARCONA,None,0.4835,15335470 ARCONA *,72695.47,1.37,8.90,-3.55
1136,Meter Governance,MTRG,None,2.22,3175429 MTRG *,829894.80,0.74,6.38,-18.77
1137,AS Roma Fan Token,ASR,None,3.28,2135261 ASR *,4879536.21,0.72,1.61,0.50
1138,Attila,ATT,None,0.01562,450382736 ATT *,777907.38,4.66,37.70,42.13
1139,Smartlands Network,SLT,None,1.37,5100896 SLT *,25000.51,0.65,6.76,-16.70
1140,Plian,PI,None,0.00818,852230181 PI *,45646.93,0.33,0.55,1.97
1195,CyberFi Token,CFi,None,2.94,1975000 CFi *,64725.96,0.64,4.90,-12.46
1196,Venus DAI,vDAI,None,0.02106,274537625 vDAI *,None,-0.01,0.04,0.10
1197,Refinable,FINE,None,0.1396,41059833 FINE *,799797.73,0.41,4.76,-2.04
1198,EUNO,EUNO,None,0.0008915,6456291984 EUNO,4777.67,0.83,4.67,1.03
1199,Swingby,SWINGBY,None,0.01783,318527768 SWINGBY *,410499.55,0.01,2.01,1.36
1200,CoverCompared,CVR,None,0.08337,68606828 CVR *,173007.41,7.08,35.99,22.77
1147,Carboncoin,CARBON,None,0.0004458,15392022544 CARBON,None,0.83,4.67,1.04
1148,Bifrost (BNC),BNC,None,0.6735,10146000 BNC *,126633.07,0.84,3.09,-17.15
1149,Venus DOT,vDOT,None,0.4111,16649243 vDOT *,None,1.12,7.66,-7.03
1150,TOWER,TOWER,None,0.02868,237619987 TOWER *,1533874.01,1.76,7.92,-13.16
1151,GATE,GATE,None,0.01261,536750442 GATE *,3454.44,0.05,36.02,-20.68
1152,Achain,ACT,None,0.006784,999999998 ACT *,510531.02,-2.00,4.73,39.31
1153,DECOIN,DTEP,None,0.1204,56365102 DTEP,80.14,0.83,4.67,1.04
1154,Mirrored Amazon,mAMZN,None,3177.80,2114 mAMZN *,156508.43,-0.12,-2.03,-2.98
1155,Einsteinium,EMC2,None,0.02942,222346764 EMC2,13017.78,0.83,4.67,-0.47
1156,Virtue Poker,VPP,None,0.06618,100988453 VPP *,335277.14,-0.04,13.67,-17.75
1157,Basid Coin,BASID,None,0.00808,853336186 BASID *,1068100.28,1.39,5.85,0.28
1158,Bondly,BONDLY,None,0.06404,103978855 BONDLY *,2040581.50,0.73,8.99,1.15
1159,YOYOW,YOYOW,None,0.01324,511026787 YOYOW *,182847.40,0.42,5.35,0.01
1160,Linker Coin,LNC,None,0.05839,112776150 LNC *,583.73,0.83,4.67,-8.55
1161,StakeCubeCoin,SCC,None,0.705,9299430 SCC,13451.91,0.99,7.40,-5.62
1162,ETHPad,ETHPAD,None,0.03294,199427405 ETHPAD *,330539.76,1.02,-10.32,-10.83
1163,Mirrored Microsoft,mMSFT,None,303.09,21430 mMSFT *,227492.01,-0.13,1.16,-1.84
1164,Monolith,TKN,None,0.1946,33459551 TKN *,174.45,1.51,8.45,17.30
1195,CyberFi Token,CFi,None,2.94,1975000 CFi *,64725.96,0.64,4.90,-12.46
1196,Venus DAI,vDAI,None,0.02106,274537625 vDAI *,None,-0.01,0.04,0.10
1197,Refinable,FINE,None,0.1396,41059833 FINE *,799797.73,0.41,4.76,-2.04
1198,EUNO,EUNO,None,0.0008915,6456291984 EUNO,4777.67,0.83,4.67,1.03
1199,Swingby,SWINGBY,None,0.01783,318527768 SWINGBY *,410499.55,0.01,2.01,1.36
1200,CoverCompared,CVR,None,0.08337,68606828 CVR *,173007.41,7.08,35.99,22.77
1171,Eden,EDEN,None,0.4847,13232627 EDEN *,865592.92,1.23,10.41,-0.27
1172,Binamon,BMON,None,0.05567,115453949 BMON *,1131682.56,1.28,11.18,-5.72
1173,FNDZ,FNDZ,None,0.4081,15645465 FNDZ *,267028.69,0.27,4.44,-7.58
1174,Coreto,COR,None,0.02761,228283474 COR *,65940.38,1.41,2.74,-13.61
1175,BitcoinZ,BTCZ,None,0.0005834,10862283640 BTCZ,612451.29,0.27,-1.41,-0.23
1176,Bao Finance,BAO,None,0.0001852,34066471176 BAO *,148161.63,1.18,8.18,-9.45
1177,Botto,BOTTO,None,0.3753,16750297 BOTTO *,207146.34,1.33,6.56,-6.11
1178,LuaSwap,LUA,None,0.04423,142286769 LUA *,203416.64,0.70,3.96,9.56
1179,Databroker,DTX,None,0.07418,84462572 DTX *,1072.50,0.26,7.67,-6.75
1180,Phantasma Energy,KCAL,None,0.08429,72855850 KCAL *,132275.49,0.80,4.12,-15.03
1181,Jobchain,JOB,None,0.0006412,9405348141 JOB *,55964.98,-1.74,1.46,-5.63
1182,Synthetify,SNY,None,1.08,5625000 SNY *,150267.44,-0.14,-0.93,-8.10
1183,Bone ShibaSwap,BONE,None,0.8666,6975300 BONE *,1637124.31,1.33,8.36,5.68
1184,PulsePad,PLSPAD,None,0.03714,165717873 PLSPAD *,623324.45,0.85,3.58,-21.60
1185,Hord,HORD,None,0.07188,83702395 HORD *,858708.06,0.38,5.39,-29.39
1186,VIBE,VIBE,None,0.02311,260136427 VIBE *,6523.22,-0.31,10.24,15.70
1187,Mobilian Coin,MBN,None,0.04246,141494300 MBN *,678704.41,1.42,5.29,2.72
1188,BEMIL Coin,BEM,None,0.05289,115337911 BEM *,856664.19,0.39,3.01,-9.48
1189,The Crypto Prophecies,TCP,None,0.06152,96569004 TCP *,700158.86,0.52,3.92,14.74
1195,CyberFi Token,CFi,None,2.94,1975000 CFi *,64725.96,0.64,4.90,-12.46
1196,Venus DAI,vDAI,None,0.02106,274537625 vDAI *,None,-0.01,0.04,0.10
1197,Refinable,FINE,None,0.1396,41059833 FINE *,799797.73,0.41,4.76,-2.04
1198,EUNO,EUNO,None,0.0008915,6456291984 EUNO,4777.67,0.83,4.67,1.03
1199,Swingby,SWINGBY,None,0.01783,318527768 SWINGBY *,410499.55,0.01,2.01,1.36
1200,CoverCompared,CVR,None,0.08337,68606828 CVR *,173007.41,7.08,35.99,22.77
1196,Venus DAI,vDAI,None,0.02106,274537625 vDAI *,None,-0.01,0.04,0.10
1197,Refinable,FINE,None,0.1396,41059833 FINE *,799797.73,0.41,4.76,-2.04
1198,EUNO,EUNO,None,0.0008915,6456291984 EUNO,4777.67,0.83,4.67,1.03
1199,Swingby,SWINGBY,None,0.01783,318527768 SWINGBY *,410499.55,0.01,2.01,1.36
1200,CoverCompared,CVR,None,0.08337,68606828 CVR *,173007.41,7.08,35.99,22.77
1201,CACHE Gold,CGT,None,61.25,93122 CGT *,45726.35,0.08,1.83,4.33
1202,Kalmar,KALM,None,1.36,4186260 KALM *,284473.92,0.36,6.77,19.03
1203,Mirrored Netflix,mNFLX,None,414.32,13602 mNFLX *,153947.78,-0.13,-1.06,-1.82
1204,iMe Lab,LIME,None,0.03566,157372549 LIME *,691709.97,0.40,2.89,-5.80
1205,TOP,TOP,None,0.00102,5512414943 TOP *,63091.23,2.65,-1.37,-2.44
1206,1irstcoin,FST,None,0.1445,39775121 FST *,12430.04,2.93,-0.14,2.97
1207,Polker,PKR,None,0.07104,80942736 PKR *,1051795.38,1.16,8.24,-6.36
1208,LaunchZone,LZ,None,2.35,2358711 LZ *,140304.66,-0.13,0.38,-5.28
1209,Nabox,NABOX,None,0.00004083,132538218435 NABOX *,1543757.17,-2.71,0.56,-18.13
1210,Gather,GTH,None,0.05461,100724607 GTH *,401036.85,0.39,8.39,-9.41
1211,Idle,IDLE,None,1.46,3793418 IDLE *,138261.37,0.88,8.23,-15.69
1212,CryptoBlades,SKILL,None,6.54,847398 SKILL *,1409577.77,-2.96,7.53,-1.02
1213,Pawthereum,PAWTH,None,0.00678,820020356 PAWTH *,15597.69,1.81,8.06,-8.91
1214,XY Finance,XY,None,1.21,4544803 XY *,198713.69,0.84,3.90,-9.92
1215,HorusPay,HORUS,None,0.006202,872861114 HORUS *,None,0.00,0.00,-0.70
1216,Splyt,SHOPX,None,0.1957,28695751 SHOPX *,787672.57,12.62,42.73,61.55
1217,Cirus Foundation,CIRUS,None,0.159,33854213 CIRUS *,1227097.99,-0.92,4.74,8.38
1218,Project Pai,PAI,None,0.003398,1590976629 PAI *,1015462.73,-2.33,2.27,-8.42
1219,Blocknet,BLOCK,None,0.6387,8437140 BLOCK *,1987.43,0.30,12.43,13.94
1220,Dotmoovs,MOOV,None,0.01072,496000000 MOOV *,292086.87,0.61,7.07,-18.82
1221,1-UP Platform,1-UP,None,0.09398,57170994 1-UP *,264738.96,1.51,-2.38,-2.78
1222,Gunstar Metaverse,GST,None,0.258,20626286 GST *,794282.30,0.68,3.60,3.03
1223,Idena,IDNA,None,0.09328,57298160 IDNA *,174124.32,0.55,6.00,-2.75
1395,SpaceChain,SPC,None,0.009909,308180533 SPC *,8394.55,1.09,2.69,-5.41
1396,Public Index Network,PIN,None,0.02006,152351008 PIN,155.11,0.83,2.39,1.04
1397,OctoFi,OCTO,None,3.81,797953 OCTO *,17184.12,0.60,2.03,-7.93
1398,Trittium,TRTT,None,0.02361,128915825 TRTT *,29118.74,4.66,-0.96,-5.66
1399,HeroesTD,HTD,None,0.197,15277310 HTD *,142519.82,-0.44,-6.78,-30.00
1400,Coinracer,CRACE,None,0.06426,46954177 CRACE *,362681.28,1.08,8.40,15.03
1230,QLC Chain,QLC,None,0.02195,240000000 QLC *,1046283.31,2.30,8.88,-13.81
1231,Vidulum,VDL,None,0.3045,17071231 VDL *,151614.27,-1.95,2.32,-11.14
1232,ALLY,ALY,None,0.002276,2300000000 ALY *,9763.69,-0.49,2.73,-1.92
1233,RealFevr,FEVR,None,0.003201,1630328172 FEVR *,227492.47,0.86,9.22,16.67
1234,ZBG Token,ZT,None,0.01961,262958277 ZT *,300701.98,0.51,4.82,0.51
1235,BOX Token,BOX,None,0.05196,99776753 BOX *,None,1.20,6.46,1.42
1236,Furucombo,COMBO,None,0.1717,30075489 COMBO *,433665.96,0.11,0.00,-27.10
1237,Fenerbahe Token,FB,None,2.37,2180000 FB *,212762.92,0.28,1.22,-2.62
1238,SmartMesh,SMT,None,0.003833,1340519343 SMT *,66674.10,0.27,4.54,21.27
1239,Ripio Credit Network,RCN,None,0.01004,508404746 RCN *,52377.77,-0.01,2.43,-4.52
1240,MASQ,MASQ,None,0.2044,25082360 MASQ *,75150.88,0.66,10.78,6.62
1241,DOSE,DOSE,None,0.09796,51903165 DOSE *,1115540.73,0.56,3.77,35.23
1242,Skycoin,SKY,None,0.2327,22000000 SKY *,88717.69,1.84,0.28,-3.44
1243,DEXA COIN,DEXA,None,0.0002041,25000000000 DEXA *,474404.28,-0.42,-4.18,-12.09
1244,Ubiq,UBQ,None,0.119,42609099 UBQ,5014.38,0.80,-3.06,3.32
1245,Tokoin,TOKO,None,0.02812,178664008 TOKO *,442095.56,2.40,6.57,-7.38
1246,Mirrored Twitter,mTWTR,None,38.87,129241 mTWTR *,48749.24,-0.12,1.12,1.69
1247,Equalizer,EQZ,None,0.1346,37450000 EQZ *,411024.51,4.42,10.07,2.38
1395,SpaceChain,SPC,None,0.009909,308180533 SPC *,8394.55,1.09,2.69,-5.41
1396,Public Index Network,PIN,None,0.02006,152351008 PIN,155.11,0.83,2.39,1.04
1397,OctoFi,OCTO,None,3.81,797953 OCTO *,17184.12,0.60,2.03,-7.93
1398,Trittium,TRTT,None,0.02361,128915825 TRTT *,29118.74,4.66,-0.96,-5.66
1399,HeroesTD,HTD,None,0.197,15277310 HTD *,142519.82,-0.44,-6.78,-30.00
1400,Coinracer,CRACE,None,0.06426,46954177 CRACE *,362681.28,1.08,8.40,15.03
